newsid,title,link,article,keywords,stockcode
1,クックパッドは急反落、第３四半期は８１％営業減益 投稿日時： 2020/11/09 14:05[みんなの株式] - みんなの株式 - みんなの株式,https://minkabu.jp/news/2806511,クックパッド <2193.T> が急反落している。前週末６日の取引終了後に発表した第３四半期累計（１～９月）連結決算が、売上高８１億３００万円（前年同期比６．８％減）、営業利益１億４４００万円（同８１．３％減）、純利益１億１６００万円（同７６．５％減）と大幅減益となったことが嫌気されている。通信キャリアとのレベニューシェア型の売り上げがサービス終了に伴い減少したことに加えて、国内レシピサービス広告売り上げでネットワーク広告の販売単価が下落したことが響いた。なお、２０年１２月期通期業績予想は、引き続き非開示としている。出所：MINKABU PRESS,クックパッド,2193
2,クックパッドアプリ、送料無料の食材買物機能 - Impress Watch,https://www.watch.impress.co.jp/docs/news/1283083.html,クックパッドは、レシピサービスのクックパッドアプリにて、レシピから数タップで料理に必要な食材を注文できる買い物機能の提供を開始した。対応OSはiOS 13.0以上。提供エリアは東京都、神奈川県の一部地域。送料無料で、地域の生産者や市場直送の食材を1品から購入できる機能。レシピページの材料欄の購入可能な食材にはアイコンが表示され、すぐにカートに追加し注文できる。献立の決定と買い物が一緒にできることを特徴とする。また、アプリに追加された「かいもの」タブからの注文も可能で、検索やカテゴリーから商品を選択できる。購入した商品は出荷した当日に、ユーザーが指定した生鮮宅配ボックス「マートステーション」に届けられ、ユーザーは帰宅途中などに立ち寄って受け取れる。マートステーションは、東京都、神奈川県、埼玉県のコンビニエンスストア、ドラッグストア、コインランドリー、カラオケボックスなどに、合計約200カ所設置されている。現在は、一部のユーザーのみ利用可能で、機能改善を進めながら順次提供予定。利用には、クックパッドアプリへのメールアドレスまたは電話番号の登録が必要。初期設定は、アプリ画面下部の「かいもの設定」アイコンから、利用したい受け取り場所を選択することで完了。以降はレシピページ、かいものタブから購入できる。,クックパッド,2193
3,クックパッド、料理トレーニングアプリ「たべドリ」初のオンラインLABOを開催 ～レシピに頼らず料理ができるようになりたい研究生を募集～ - PR TIMES,https://prtimes.jp/main/html/rd/p/000000145.000027849.html,None,クックパッド,2193
4,レシピサービス「クックパッド」がアプリ内に送料無料の買い物機能を追加 - TechCrunch Japan,https://jp.techcrunch.com/2020/10/16/cookpad/,クックパッドは10月15日、料理レシピ投稿・検索サービス「クックパッド」において、買い物機能の提供開始を発表した。同機能は現在、iOS版「クックパッド」アプリでメールアドレスまたは電話番号を登録済みの者のみ利用可能。提供エリアは東京都・神奈川県の一部地域。買い物機能は、「クックパッド」アプリ画面下部の「かいもの設定」アイコンから、利用したい受け取り場所の選択すると、初期設定が完了。以降は「かいもの」タブ、もしくはレシピページから商品を購入できる。料理に必要な買い物とレシピ検索が「クックパッド」アプリ内で完結し、レシピから数タップで料理に必要な食材を注文可能。近隣地域の生産者や市場直送の新鮮な食材を、1品から送料無料で購入できるようになる。同機能には、農作物の生産者、地域の農畜産物が集まる直売所、精肉店・豆腐店・チーズ店などの専門店、卸売市場の鮮魚・畜産・青果などの仲卸、飲食店・惣菜店などの多様な生産者が400店以上出店済み。購入した商品は、出荷当日に新鮮な状態のまま、地域に設置された生鮮宅配ボックス「マートステーション」に送付される。自分の選んだマートステーションに帰宅途中に立ち寄って商品を受け取れるため、仕事帰りにスーパーに寄る時間のない方や、買い物をする時間がない方でも利用できるとしている。マートステーションは、東京都・神奈川県を中心に約200ヵ所に設置済み。各地域に設置された共同集荷所へ近隣の生産者が商品を出荷、その日の夕方には各地のマートステーションまで配送されるため、地域の食材を高い鮮度を保ったまま届けられるとしている。「マートステーション」対象地域（一部が対象となる地域も含む）東京都: 港区、目黒区、世田谷区、渋谷区、中央区、千代田区、新宿区、文京区、墨田区、台東区、荒川区、豊島区、中野区、杉並区、三鷹市、狛江市、練馬区、板橋区、北区、江東区、品川区、大田区、武蔵野市、調布市 、江戸川区、葛飾区、足立区、西東京市、小金井市、府中市、町田市神奈川県: 高津区、宮前区、中原区、幸区、港南区、西区、多摩区、青葉区、鶴見区、神奈川区、南区、磯子区、中区、麻生区、緑区、旭区、瀬谷区、中央区、港南区、川崎区、都筑区、大和市、座間市埼玉県: 和光市、朝霞市、新座市また、総戸数100戸以上のマンションの居住者からマートステーション設置のリクエストを受け付けているという。管理組合・管理会社向けにも、オンラインでの設置申し込み・問い合わせ・資料請求を随時受け付けている。マートステーション設置に伴う初期費用・毎月の運用費用・電気代は一切かからない。設置工事も不要で、電源のある屋内であれば、どこでも設置できる。居住者のみ利用可能にするセキュリティコードや、購入者のみがQRコードでの解錠できるシステムにより、セキュリティについても安心して利用できるとしている。またマートステーションは、申し込みから3週間〜1ヵ月程度で導入可能という。小売事業者との連携も展開中で、導入費用は一切なく、日々の運用に伴うコストに関しては維持協力金制度を利用し補填できる。関連記事・1品注文OKで送料無料の生鮮食品EC「クックパッドマート」にAndroid版登場・1品注文OKで送料無料の生鮮食品EC「クックパッドマート」が本日スタート、まずは学芸大学駅周辺から・クックパッドが食品ECビジネスに参入、街のお店の“こだわり食材”をアプリで買える「クックパッドマート」発表,クックパッド,2193
5,クックパッド、横浜市と連携協定を締結--商店街の活性化や利便性の向上目指す - CNET Japan,https://japan.cnet.com/article/35161975/,クックパッドは11月5日、神奈川県横浜市と「新しい生活様式における生産者・販売者（商店街等）・消費者をつなぐ新しい買い物環境を通じた商店街等の活性化の取組に関する連携協定」を締結したと発表した。同社によると、政令指定都市との連携協定は初の試みになるという。今回の連携協定では、地域の生活の基盤であり、地域コミュニティの核として市民生活を支えている商店街を支援するため、生鮮食品EC「クックパッドマート」を活用し、商店街などの活性化および、市民生活の利便性向上を目指す。同社ではこれまでも、横浜市内でサービスを展開している。商品の受け取り場所である「マートステーション」は、市内のコンビニエンスストア、「アソビル」「セルテ関内」といった駅前の商業施設、マンションなどを市民の生活動線上の約20カ所に設置している。また、JA横浜営農経済センターみなみ集荷場、横浜市中央卸売市場、横浜南部市場など市内4カ所に共同集荷所を設け、市内の生産者や販売者、市場の仲卸など数十の出店者が出店しているという。5月には、JA横浜との連携を記念した「横浜・湘南ファーマーズマルシェ」や、大正二年創業の老舗鶏肉専門店「梅や」が参加する「地元で愛される老舗グルメ」などのオンラインマルシェを開催。さらには、横浜市中央卸売市場のまぐろ問屋「八清」による「まぐろ解体ショー＆販売会」を開催するなどしてきた。今回の連携協定の締結により、今後は横浜市と共に、生鮮宅配ボックス「マートステーション」などの広報活動や出店・販売促進の支援などで協力していくという。,クックパッド,2193
6,「クックパッド」アプリに買い物機能。レシピ内の商品を1品から送料無料で購入可能 - ネットショップ担当者フォーラム,https://netshop.impress.co.jp/node/8115,クックパッドは10月15日、料理レシピ投稿・検索サービス「クックパッド」アプリに買い物機能を搭載した。ユーザーは「クックパッド」アプリ内で商品を1品から送料無料で購入できる。商品は東京都・神奈川県を中心に約200か所へ設置している生鮮宅配ボックス「マートステーション」を通じて消費者に届ける。配送希望日と受け取り場所は購入時に指定する。献立決めと買い物を同時に行い、利便性を向上レシピページの材料欄に記載されている購入可能な商品には買い物カゴのアイコンを表示、カートに追加・注文ができる。また、「かいもの」タブでは検索やカテゴリーから商品を選ぶことができる。買い物機能の使い方買い物機能の利用に際し、「クックパッド」アプリの画面下部にある「かいもの設定」アイコンから、利用したい受け取り場所を選択して、初期設定を行う必要がある。設定完了後は「かいもの」タブ、またはレシピページから商品を購入できる。現在、機能はiOS版「クックパッド」アプリにおいて、メールアドレスまたは電話番号を登録済みユーザーのみ利用可能で、東京都・神奈川県の一部地域が商品の提供エリアとなっている。生産者から出荷当日に食材が届く仕組み購入した商品は、地域の生産者や市場が各地域に設置した共同集荷所へ出荷し、そこから生鮮宅配ボックス「マートステーション」に配送する。出荷当日の夕方には配送するため、新鮮な状態で商品が届くという。ユーザーは自分の選んだ「マートステーション」に帰宅途中に立ち寄って商品を受け取れるため、仕事帰りにスーパーに寄る時間や買い物をする時間がなくても利用できる。商品の注文から受け取りまでの流れ「マートステーション」は現在、東京都・神奈川県を中心にコンビニや駅構内など約200か所に設置している。ドラッグストアやコインランドリーなど設置スペースのある小売店舗と連携を進めており、受け取り場所になることで、普段店舗や施設を利用していない利用者の来店や、飲料・その他日用品の「ついで買い」の促進につながるという。東京都・神奈川県を中心に設置されている生鮮宅配ボックス「マートステーション」買い物機能の提供開始に際し、クックパッドは次のようにコメントした。,クックパッド,2193
7,クックパッド、第3四半期は営業益82％減 広告単価下落とレベニューシェア型サービスの終了で - SocialGameInfo,https://gamebiz.jp/?p=280870,クックパッド<2193>は、2020年12月期の第3四半期累計(1～9月)の連結決算を発表し、売上収益81億0300万円(前年同期比6.8%減)、営業利益1億4400万円(同81.8%減)、税引前利益1億3800万円(同81.3%減)、最終利益1億1600万円(同76.5%減)と大幅な減益となった。通信キャリアとのレベニューシェア型の売上収益がサービス終了に伴い減少したことに加え、国内レシピサービス広告売上でネットワーク広告の販売単価が下落し、売上収益が減少したことによる。新型コロナウィルスの影響により旅費交通費や研修費が減少するなど販売管理費を抑制したが、減収分をカバーできあなかった。また、法人税等を計上した一方で、CookpadTVにおいて非支配持分に帰属する四半期損失が発生した。,クックパッド,2193
8,「クックパッド」がアプリ内に送料無料の買い物機能を追加 - iPhone Mania,https://iphone-mania.jp/news-322736/,「クックパッド」がアプリ内に送料無料の買い物機能を追加東京・神奈川の一部から提供開始は、料理レシピ投稿・検索サービス「」での提供を開始したことを発表しました。これにより、レシピ検索から必要な食材の注文までがすることになります。買い物機能を利用するには、初期設定が必要ですが、その後はレシピページの材料欄で購入可能な食材に表示されるアイコンをもとにカートに追加することで注文することができます。献立の決定と買い物が同時に完了します。また、アプリに追加された「かいもの」タブでは、検索やカテゴリーから商品を選ぶこともできます。これらの機能は現在、iOS版クックパッドアプリでメールアドレスまたは電話番号を登録済みの人が利用できます。提供エリアは、東京都・神奈川県の一部地域です。地域の生産者や市場から新鮮な食材が当日に買い物機能では、地域の生産者や市場直送の食材を1品から送料無料で購入可能です。各地域に設置された生鮮宅配ボックス「マートステーション」に新鮮な状態のまま、出荷した当日に届けられます。駅やコンビニなどさまざまな場所で受け取り可能このマートステーションは現在、東京・神奈川を中心におよそ200カ所設置されています。各地域に設置された共同集荷所へ近隣の生産者が商品を出荷し、その日の夕方には各地のマートステーションへ配送されます。これにより、地域の食材を高い鮮度で届けることができます。まさに地産地消型のシステムです。Source:クックパッド(藤田尚眞),クックパッド,2193
9,クックパッドが実施した「企業ミッション」のデザインとは？ サービスに反映する方法論を担当者が語る - Web担当者Forum,https://webtan.impress.co.jp/e/2020/10/20/37509,宇野 雄氏(クックパッド株式会社 デザイン戦略本部長)ミッションが反映されている状態とは？そもそも、企業の「ビジョン」や「ミッション」についての講演で、デザイナーが登壇するのは不思議だと思うかもしれない。しかし、デザインとはビジュアルデザインだけを指す言葉ではなく、「事業のデザイン」「バリューのデザイン」「研修のデザイン」「評価のデザイン」など、さまざまなシーンで使われる。セッションで取り上げるのは、「ミッションのデザイン」についてということだ。宇野氏は、ミッションとビジョンを、以下のように定義している。ミッション／ビジョンとは「毎日の料理を楽しみにする」というミッションが完遂されている状態とは、クックパッドという企業からのアウトプットすべてがそのミッションを体現している状態のこと。具体的には、以下のような状態のことだと宇野氏は言う。例① 提供しているすべてのサービスにミッションが反映されている状態クックパッド株式会社はレシピサービス「クックパッド」が最も知られているが、それ以外にも「おりょうりえほん」という知育玩具やECサービスなどがあり、それらすべてが会社のミッションである「毎日の料理を楽しみにする」ためのものになっている。例② オフィス環境にミッションが反映されている状態クックパッド社のオフィスエントランスには、20人程度が同時に使えるキッチンがある。「料理を楽しみにする会社ですから、社員が利用できるキッチンが社内にあるのは自然なこと。もし社食でごはんが提供されていたら、ヘンな感じですよね」と宇野氏は言う。例③ 広告掲載にミッションが反映されている状態クックパッド社の事業モデルには、レシピサービスのサブスクリプションがメインだが、広告事業も大きな割合を占めている。その広告掲載についても、「毎日の料理が楽しい」を提供するためという行動指針を守っている。レシピサイトの広告主といえば食品・食材メーカーが多いが、他にも食器用洗剤メーカーなども考えられる。後片付けが楽になれば、毎日の料理が楽しみになるのを手助けすることができるという。ただし、よくある「こんな油汚れもスッキリきれいに」という広告クリエイティブが、レシピの隣に出ていたらどうだろうか。「これから料理をしようとしている人がギトギト汚れを見たら料理したくなくなるのではないか。だから広告主には、『ポジティブなメッセージと一緒に作っていきましょう』と伝えます」と宇野氏は言う。クックパッドが目指す「未来」「【毎日】の【料理】を【楽しみ】にする」というミッションは、実はかなり難しい。なぜなら、毎日でなければいけない＝週末の趣味の料理を楽しむのではダメ料理でなければいけない＝食事を楽しむだけではダメ楽しみでなければならない＝ツライ思いをして料理をするのではダメという意味であるからだ。宇野氏は、「多くの人が料理は大変だと思っていて、毎日になると苦痛という状況。けれど、苦痛を取り除くことと楽しむことは違う」と言う。楽しみにするためにクックパッドが目指しているのは、たとえば以下のようなことだ。「ハンバーグの一番人気のレシピが知りたい」というユーザーにどのレシピを見せるか。現状では、もちろん「ハンバーグの一番人気のレシピ」を提供する。しかし、このユーザーは実はハンバーグが食べたいのではなく、冷蔵庫にある「挽肉」を消費したいのかもしれない。だとしたら、同じような食材で作れるキーマカレーのレシピを提示するのはどうだろうか。クックパッドが「未来」に目指したいこと宇野氏は、「ユーザーの求めに単に応じるのではなく、押しつけにならない程度に、自分たちの思想を植え付けることが重要」と言う。「思想を植え付ける」というのは言葉がきついが、つまり「サービスに強い意志を取り込む」のが大切だ。これは、サービス動線の変更などでも言える。以下はクックパッドアプリのデザイン変更（左から右に変更）だが、5つあったボタンを3つに減らしている。サービスに強い意志を取り込む革新には批判を伴う使い慣れたUIが変われば、ユーザーからは多くの苦情が寄せられるし、社内から批判も出る。それでも、「ミッションを反映するために、必要なもの以外は極力そぎ落とす」ことを優先し、経営判断を仰いで遂行している。宇野氏は「革新はカイゼンの先にはない。ロケットを作るために、積み木を積みあげても完成しない」という言い方をする。とはいえ、「それは企業の都合であってユーザーファーストではないのでは」という反論は当然のことながら出る。しかし宇野氏は、それこそが真のユーザーファーストにつながると考えている。たとえば、作った料理のレシピを自動で保存する機能があるとしよう。ITツールではよくある機能だ。もしその後何度も同じ料理を作るのであれば、きっと便利だろうと普通は考える。しかし、クックパッドではあえて、手動で保存する機能にしてある。「自ら行動して毎日の達成感を積み上げてほしい」からだと宇野氏は言う。自動的に保存されたものは一見便利だが増えていくとただの情報の羅列になり、そこから探すことはできなくなってしまうが、自分が能動的に保存したものは忘れにくい。短期的にはユーザーが便利だと感じることができなくても、長期的にはそのユーザーのためになっていることを目指したいと考えているという。別の例でいうと「たべドリ」というサービスでは、レシピを提供せず、「○○を使って××を作って」というお題が出るだけだ。「レシピを見ないで料理を作れるようになった方が楽しい」という発想で作られているサービスなのだという。万人受けするものではないかもしれないが、その方が毎日の料理を楽しめる人がいるに違いないという思想だ。当然ながら、「たべドリ」はレシピサービスと相反するという声もある。しかし宇野氏は、「想像したことのないものに抵抗があるのは当たり前。むしろ、批判が出ないということは存在を認識されない、価値のないもの」と言う。そして、批判があってもブレない軸を持つことが重要だという。軸とは、たとえば以下のようなことだ。会社や経営層にとってのリスクは何かサービスにとってのリスクは何かユーザーにとってのリスクは何か何を達成できたらゴールなのか提供したい価値を正しく伝える宇野氏は、「提供したい価値を正しく伝えるのが一番大切」と言い、それを理解するための事例として、「クックパッドマート」というサービスの事例を紹介した。クックパッドが、レシピサービスの次に軸にしたいと考えている生鮮食品のEC事業である。クックパッドマートとは地域の新鮮な食材（採れたて野菜や鮮度の高い魚介類など）を、出荷当日に駅やドラッグストア、コンビニなどに設置する冷蔵庫（ステーション）に届ける購入者は、都合のいい時間にステーションから商品を受け取るコアバリューは、「新鮮な食材」「受け取り場所と受け取り時間が自由」「小売店などの流通を通さないため比較的安価」の3点だ。ECサービスなので、「自宅まで配送してくれないのか」という問い合せはユーザーから当然来る。実は自宅配送も行ってはいるが（外出できない事情がある人もいるため）、そこは提供したいコアバリューではないため、ウリにはしていない。というのは、ステーションまでの配送は無料だが、そこから自宅までは送料が発生する。送料は購入した量にかかわらず一定なので、まとめ買いをしがちになる。まとめ買いすると、せっかくの新鮮な食材が、新鮮なまま消費されない可能性がある。また、宅配は、受取時間が制限される（生鮮食品は宅配ボックスに入れられない）。目の前に見えている痛みを解消することと、ミッションである楽しみの間には、何段階かのステップが必要。それをつなげていくのは意思で、事業には会社の意思を反映させることが必要（宇野氏）ということだ。最後に宇野氏は、「見えているものではなく、その先の未来をユーザーと一緒に考えていく強い意思が必要だし、それを体現するプロダクトや会社が必要と考えている」とまとめた。,クックパッド,2193
10,免疫力アップに最適！秋の味覚きのことクックパッド料理好き社員が教える簡単料理SP！／ソレダメ！～あなたの常識は非常識！？～ | テレ東からのお知らせ - テレビ東京,https://www.tv-tokyo.co.jp/information/2020/10/28/222481.html,テレビ東京では、「ソレダメ！～あなたの常識は非常識！？～」を水曜日（不定期）に放送しています。今夜の放送は「免疫力アップに最適！秋の味覚きのことクックパッド料理好き社員が教える簡単料理SP」！ゲストにアンミカを迎え、旬のきのこのソレマル技や激ウマレシピを伝授！クックパッドの新常識のコーナーでは、料理が大好きな社員さんが紹介する超マニアックで絶品なレシピをご紹介！出演者全員で人気料理の検索ランキングを当てるドボンクイズも！そして、ソレダメ！の番組公式SNSが開設しました！TwitterとInstagramそれぞれで番組で紹介したソレマル技やレシピ、裏話などを投稿します！【出演者コメント】Q.今までスタジオ・ロケで食べた中で「もう一度食べたい！」「家でも作りたい！」おすすめしたい料理は？若林：「うますぎる！！」と感動した”新高島平・あぺたいとの焼きそば”とよく行くお店”幡ヶ谷・你好（ニーハオ）の水餃子”真麻：思わずOA後に家で作った”麻布十番・新興苑の豚キムチ”と味噌汁の新常識で紹介した”ピーマンとトマトのお味噌汁”は、トマトもお味噌汁の具材になるんだと驚きでした！春日：”あぺたいとの焼きそば”と、レンコンロケに行った時に農家で食べた、みずみずしいレンコンのきんぴら！本当に美味しかった！小籔：”あぺたいとの焼きそば”は、ご主人が「焼きそばは、炒めるのではなく焼くんです！」と言ったその言葉にしびれました！レンコンパウダーやゼリーみたいなみかんなど、VTRで見たものをよくお取り寄せしています！増田：大根のロケで行った時に農家さんに食べさせてもらった「大根の葉っぱで作ったふりかけ」。僕の中でトップオブソレマルレシピだと思います！＼今後、公式アカウントでもレシピの投稿があるかも？ぜひ、楽しみに/今夜6時25分放送！『免疫力アップに最適！秋の味覚きのことクックパッド料理好き社員が教える簡単料理SP！』「今すぐ試したくなるソレマル新常識」「メガネがくもらなくなるワザ」や「ロールケーキがキレイに切れるワザ」、今が旬の「ぶどうの皮を一気に簡単に抜いちゃうワザ」など日常の生活で役立つワザを一挙大公開！！「爆ウケカンパニー クックパッドの新常識」料理のレシピ投稿・検索サービス「クックパッド」。料理大好きな社員さんが紹介する超マニアックで絶品なレシピをご紹介！そして！番組恒例のビリビリ「ドボンクイズ」。出演者全員で人気料理の検索ランキングをビクビクしながら予想します！「今が旬！きのこの新常識」実は免疫力アップの食材として注目を集めている「きのこ」。旬のこの季節、きのこ農家さん直伝！失敗知らずのきのこ料理のソレマル技や幻の超激レアきのこを見つけに過酷ロケを遂行！ミシュラン料理人が教える絶品激ウマきのこの炊き込みごはんの作り方もご紹介！「知れば納得！からだの不思議新常識」「なぜ？恐怖を感じると顔が青ざめるのか！？」や「カラオケで歌う時、マイクを持ってない手を動かしてしまうのか！？」など今回も人間のからだの不思議を検証しちゃいます！＜番組概要＞【番組名】「ソレダメ！～あなたの常識は非常識！？～」【放送日時】2020年10月28日（水）夜6時25分～【放送局】テレビ東京、テレビ北海道、テレビ愛知、テレビ大阪、テレビせとうち、TVQ九州放送【出演】MC：若林正恭（オードリー）、高橋真麻レギュラー：春日俊彰（オードリー）ゲスト：アンミカ・小籔千豊・増田貴久VTRゲスト：原田龍二・丸山桂里奈ナレーター：服部伴蔵門【SNS】Twitter：@soredame_7chInstagram：instagram.com/soredame_7ch/関連サイトはコチラ,クックパッド,2193
11,クックパッドが横浜市と連携協定、「新しい生活様式」に対応した買い物環境構築を推進 - Web担当者Forum,https://webtan.impress.co.jp/n/2020/11/06/38063,料理レシピサイト運営のクックパッドは、横浜市と11月5日に連携協定を結んだ、と同日発表した。新型コロナウイルスの感染拡大を受けた「新しい生活様式」に対応した買い物環境構築の取り組みを推進。同社が展開する生鮮食品EC「クックパッドマート」を活用し、商店街の活性化や市民生活の利便性向上を目指す。政令指定都市との連携協定は同社で初めて。締結したのは「新しい生活様式における生産者・販売者(商店街等)・消費者をつなぐ新しい買い物環境を通じた商店街等の活性化の取組に関する連携協定」。横浜市が商店街の活性化支援のための民間事業者の提案を募集し、クックバッドがクックパッドマートの利用を提案した。クックパッドマートは、生産者・販売者と消費者をつなぐ仕組みを開発している。連携事項は、生産者・販売者(商店街等)の販売促進支援、連携に向けた情報提供、PR▽商店街のにぎわい▽消費者の利便性向上▽空き店舗・スペースを活用した買い物環境向上－－など。クックパッドマートは、アプリで事前決済した商品を宅配ボックス「マートステーションで受け取る形式。店員や他の買い物客との接触を避けて短時間に買い物を済ませられる。,クックパッド,2193
12,「食」分野のプラットフォーマー クックパッドが切り拓く未来 - MarkeZine,https://markezine.jp/article/detail/34573,2020年9月1日、クックパッドのJapan CEOに福崎康平氏が就任した。代表の岩田林平氏はグローバル事業全体を統括する立場となり、今後の日本事業は弱冠29歳の福崎氏が率いていくという発表は、料理や食の領域以外からも注目を集めた。奇しくもコロナ禍による在宅時間の増大で、料理の機会は増えているが、意外にも「表面的な料理ブームだけが急激に起こることがよいとは思えない」と福崎氏は話す。レシピ投稿者と同等に、生産者や飲食業なども「料理の楽しみの“つくり手”」と表現するクックパッドの今後の舵取りを聞いた。※本記事は、2020年10月25日刊行の定期誌『MarkeZine』58号に掲載したものです。大きく広がる「料理」の概念クックパッド株式会社 執行役 Japan CEO 福崎康平（ふくざき・こうへい）氏大学在学中に、東日本大震災の被災者に住宅を無償貸与できるサービス｢roomdonor.jp｣を立ち上げ、メディアや政府関係者からも注目を集める。在学中に35ヵ国をまわり、料理を振る舞う旅を実施。2014年コーチ・ユナイテッド入社。先生と生徒のマッチングサービス｢サイタ｣を運営。2016年2月同社代表取締役。2018年1月クックパッド入社。買物事業部部長、執行役を経て2020年9月より、日本事業の総責任者である執行役 Japan CEOに就任。――御社は20年以上にわたりレシピコミュニティが生活者に厚く支持される一方、最近では生鮮ECの「クックパッドマート」や、住宅のキッチン環境をより良くする「たのしいキッチン」、絵本の定期購読サービス「おりょうりえほん」など複数のサービス展開を重ねられています。まず、この多角的な展開の意図と、その背景をうかがえますか？生鮮EC「クックパッドマート」画面。独自流通網で生産者から直接食材を購入できる。ドラッグストアやコインランドリーなどに設けた専用ボックスで受け取る仕組みに加え、2020年春からは自宅配送も可能に。クックパッドのすべての活動は、当社のミッション「毎日の料理を楽しみにする」に根差しています。会社の定款にも、「世界中のすべての家庭において、毎日の料理が楽しみになった時、当会社は解散する」という衝撃的な文章があるのですが、それはある意味で正しいと思っています。そんな世界の実現を目指すための土台が、ここ数年の新規サービス展開でようやくできてきたという感覚です。私自身は2018年に当社に参画しましたが、料理自体は子どものころからずっと好きで、自炊もしてきました。ただ、世間的には「料理」とは、専業主婦のお母さんが昼間に買い物をして準備し、家族が帰ったら温かいご飯を出してあげる、といった昭和なイメージが長く定着していました。平成の時代の大半も、そうだったと思います。それがこの近年、「料理」の概念が大きく広がっています。共働き家庭や独身世帯の割合が増え、平日に何品も手作りするのは難しくなり、限られた時間内でなるべく充実させる、という方向になっています。同時に外食や、買ったお総菜などを家で食べる中食の産業も大幅に伸びています。結果的に、最後に自分で味付けをして食べる機会が減っているのが現状です。だからこそ、自分でコントロールできる実感が大事になってきていると思っています。ファッションとも少し似ていて、その昔は布地を買ってミシンで縫っていたのが、今ではユニクロを筆頭に手頃な洋服をベースに自分らしくコーディネートする人が増えていますよね。料理も、外食や中食も取り入れつつ「自分の食べるものに責任を持つ」感覚になれると、もっと毎日が楽しみになるし、健康にも当然つながります。クックパッドが志向しているのは、そんな生活に役立つ情報や解決手段を提供することです。そのためには、レシピサービスだけでは到底足りない。自宅で自炊ができる人だけに向き合うのではなく、生産者や飲食産業の方々とも協力して、「自分で食をコントロールする」ことにつながる文脈を作ることに今フォーカスしています。,クックパッド,2193
13,【裏ワザ料理】フライパン不要！ 箱入り目玉トースト - ダイヤモンド・オンライン,https://diamond.jp/articles/-/252484,「クックパッド」337万を超えるレシピの中から、特に人気のある「使える裏ワザ」を、100個選び抜いた『クックパッドの裏ワザ料理ベスト100』が出版されました。かしこく”手抜き”したり、一手間ですご～く美味しくなったり、長持ち保存で”お得”になったり、家族で楽しく盛り上がったり……。クックパッド・ユーザーのキッチンで生み出された「知恵」で、毎日のお料理が楽しく、簡単に、美味しくなる一冊です。本連載では、その一部を抜粋でご紹介してまいります。”毎日の料理を楽しみにする”というミッションのもと、1998年より料理レシピ投稿・検索サービス「クックパッド」の提供を開始。現在の投稿レシピ数は337万品を超え、国内では月間約7400万人（2020年6月末）に利用されている。また、世界74ヵ国、32言語でもサービスを展開している。クックパッドの337万を超えるレシピの中から、特に人気のある「使える裏ワザ」を、100個選び抜いた『クックパッドの裏ワザ料理ベスト100』が出版されました。かしこく“手抜き”したり、一手間ですご～く美味しくなったり、長持ち保存で“お得”になったり、家族で楽しく盛り上がったり……。クックパッド・ユーザーのキッチンで生み出された「知恵」で、毎日のお料理が楽しく、簡単に、美味しくなる一冊です。今回は、フライパン不要！ 「箱入り目玉トースト」の作り方をご紹介します。箱入り目玉トースト by ゆしゅな レシピID：1133323【材料（つくりやすい分量）】食パン（6枚切り）…1枚マヨネーズ…適量卵…1個塩、こしょう、粉チーズ…各適量【作り方】手順1 パンの耳を5mm切り取る。ここが裏ワザ！ 手順2 パンの4辺にマヨネーズをぬり、耳をフレームのようにくっつける。ここが裏ワザ！ 手順3 四隅もしっかりつけ、スプーンでパンの中心をへこませる。手順4 パンの中心に卵を割り入れ、塩、こしょう、粉チーズをふる。オーブントースターの弱で、卵がある程度固まるまで焼く。余った耳は同時に焼いてクルトンにする。【ポイント】〈手順2〉以降は天板の上で行うと動かさずに済み、崩れにくい。グリルの場合は弱で約7分、オーブンなら240℃で約15分が目安。好みでピザ用チーズなどをのせてもおいしい。このレシピ以外にも、『クックパッドの裏ワザ料理ベスト100』には、たくさんの「知恵」が掲載されています。ぜひ、ご参考ください。きっと、毎日の料理が、もっと楽しくなります！,クックパッド,2193
14,クックパッド、ファミリーマートと連携して生鮮食品の販売を拡大～東京都・神奈川県の70店舗へマートステーションを設置、本格展開を開始～ - PR TIMES,https://prtimes.jp/main/html/rd/p/000000147.000027849.html,None,クックパッド,2193
15,作るのが面倒、ムダが出やすい…「1人分ごはん」の悩みを解決するクックパッドの人気レシピ【作ってみた】 - ダ・ヴィンチニュース,https://ddnavi.com/review/689606/a/,『クックパッドのひとりぶんササッとごはん』（宝島社） 1人暮らしで自炊をしようとすると、何かと“ムダ”が出てしまいがち。冷蔵庫が小さいことも多く、うまく食材を使い回さないと出来合いのものを買うより高くついてしまうこともある。せっかく自炊をするなら、節約しながら食材をきちんと使い切れるワザを身につけたいところだ。そこで活用したいのが、『クックパッドのひとりぶんササッとごはん』（宝島社）。本書は、少ない材料で無駄を出さずにパパッと作れる1人用のレシピだけをぎゅっと集めたレシピ本。栄養バランスも考えられているので、組み合わせ方が分からない料理初心者にもぴったり。早速、気になったものを作ってみた。「スキレットで時短 カフェ風オムライス」（19ページ）1つめは、「スキレットで時短 カフェ風オムライス」。スキレットにバターを溶かし、一口大に切った鶏肉とミックスベジタブルを炒める。焼き色がついたらケチャップ、洋風だしを加えて混ぜ、ご飯を加えて炒め、中央に寄せる。あとはマヨネーズを加えた溶き卵をまわりに流し入れ、カニカマ、溶けるスライスチーズをのせて、チーズが溶ければ完成。最後に好みでケチャップをかける。マヨネーズを入れているので卵がふわふわ！ 下の方にできるカリッと香ばしいおこげも、このメニューの魅力。ミックスベジタブルを活用すれば野菜を切る手間もなく、冷凍保存で日持ちするため無駄も出ない。カニカマも安くてうまみたっぷりのお得食材なので、節約には欠かせないものの1つ。スキレットがない場合は、小さめのフライパンでもOKだそう。「しらすと玉ねぎとミニトマトのパスタ」（26ページ）2つめは、「しらすと玉ねぎとミニトマトのパスタ」。パスタをゆで、玉ねぎとにんにくは薄切りに、ミニトマトは半分に切っておく。フライパンにオリーブオイルとにんにくを入れて火にかけ、玉ねぎを加えて炒め、しらす、ミニトマト、ゆで汁少々、パスタ、塩、粗びき黒コショウを加えて水分がなくなるまで混ぜれば完成。好みでチーズやドライバジルをかける。長期保存ができ、お米よりも安いと1人暮らしに人気のパスタは、ちょこっと手間を加えるだけで絶品料理に早変わり。にんにくのパンチある風味としらすの塩気は相性抜群。ミニトマトが加わることでフレッシュさもプラスされ、お店で出されるような本格味に仕上がる。パスタの別ゆでが面倒な場合は、フライパンひとつで作るワンポットパスタという調理方法も。半分に折ってかぶるくらいの水とともにフライパンで加熱し、水分がなくなったところに調味料や食材を加えて炒めるだけなので、筆者はこちらの方法で作ることが多い。1口コンロでも、工夫すれば無理なくおいしい料理が楽しめる。「ひとりごはん 鶏もも肉のラー油焼き」（50ページ）最後は、「ひとりごはん 鶏もも肉のラー油焼き」。ヨーグルトと市販の食べるラー油で漬けた鶏もも肉をフライパンで焼き、切った豆苗を加えて豆苗がしんなりしたら器に盛るだけの簡単レシピ。ヨーグルトに漬けることで鶏肉がしっとりジューシーに。食べるラー油にはにんにくやねぎ、醤油などさまざまな調味料が入っているため、これ1つで味が決まる。物足りない場合は、少し塩コショウを足せばOK。豆苗は年中1袋80円～100円程度で入手でき、しかも根元の部分を栽培すればプラス2回ほど収穫できるという有難い食材。おまけに栄養価も高いので、自炊するならぜひとも活用してほしいものの1つだ。安くて栄養価の高い食材を主食とうまく組み合わせることで、1人暮らしでもお得な自炊は十分実現できる。肉や魚は安いときに買ってきてラップで包み、冷凍しておけば、より効率よく自炊生活を送ることができる。筆者はほうれん草や小松菜、ねぎ、きのこ、鶏肉、ひき肉類を冷凍庫にほぼ常備している。これに加えてその他価格が安定している食材、旬の食材を把握しておけば、メニューを考えるのはあっという間。この『クックパッドのひとりぶんササッとごはん』のレシピで基礎をマスターすれば、お料理上達の道は見えたようなもの。今まで苦手意識を持っていた人も、気付いたら料理が好きになっているかも…!?調理、文＝月乃雫,クックパッド,2193
16,エスクリ×TKP共同ブランド「CIRQ」をリリース ～平日施設稼働率の更なる向上～ - PR TIMES,https://prtimes.jp/main/html/rd/p/000000094.000025398.html,None,エスクリ,2196
17,エスクリ アニクリギフトストアで「クリスマスギフト」販売スタート！ ~ブライダルフラワーを手掛けるラグナプリエより~ - PR TIMES,https://prtimes.jp/main/html/rd/p/000000097.000025398.html,None,エスクリ,2196
18,TKP、「アジュール竹芝」において少人数向け婚礼サービスを導入～エスクリの「ルクリアモーレ」を2020年10月31日より販売を開始～ - PR TIMES,https://prtimes.jp/main/html/rd/p/000000186.000024137.html,None,エスクリ,2196
19,TKP運営施設「アジュール竹芝」ルクリアモーレで販売スタート ～少人数結婚式を積極的に受注～ - PR TIMES,https://prtimes.jp/main/html/rd/p/000000096.000025398.html,None,エスクリ,2196
20,TKP---エスクリとの資本業務提携において「アジュール竹芝」に少人数向け婚礼サービスを導入 - Reuters Japan,https://jp.reuters.com/article/idJP00093500_20201102_04220201102,*15:19JST TKP---エスクリとの資本業務提携において「アジュール竹芝」に少人数向け婚礼サービスを導入ティーケーピー3479は10月30日、同社が運営するアジュール竹芝のブライダルに、エスクリ2196の小人数向け婚礼サービス「ルクリアモーレ」を導入することを発表。アジュール竹芝では1F・15Fに結婚式場とチャペルを置き、挙式・披露宴を運営しているが、今回、エスクリの「ルクリアモーレ」を導入することで、同社で運営する既存の婚礼事業に加え、エスクリ経由での婚礼顧客を獲得し、更なる受注増を目指す。また、挙式・披露宴の企画・運営を主たる事業として展開するエスクリのサービスを導入することにより集客、接客、プランニングのほか、衣装、装花、ヘアメイクまでのエスクリの強みである質の高いサービスをワンストップで提供することが可能となる。同社は今後も利用する顧客が満足できるよう、商品の開発を進め、高品質なサービスへとつなげていくとしている。《YM》当コンテンツはＦＩＳＣＯから情報の提供を受けています。掲載情報の著作権は情報提供元に帰属します。記事の無断転載を禁じます。当コンテンツにおけるニュース、取引価格、データなどの情報はあくまでも利用者の個人使用のために提供されているものであって、商用目的のために提供されているものではありません。当コンテンツは、投資活動を勧誘又は誘引するものではなく、また当コンテンツを取引又は売買を行う際の意思決定の目的で使用することは適切ではありません。当コンテンツは投資助言となる投資、税金、法律等のいかなる助言も提供せず、また、特定の金融の個別銘柄、金融投資あるいは金融商品に関するいかなる勧告もしません。当コンテンツの使用は、資格のある投資専門家の投資助言に取って代わるものではありません。提供されたいかなる見解又は意見はＦＩＳＣＯの見解や分析であって、ロイターの見解、分析ではありません。情報内容には万全を期しておりますが、保証されるものではありませんので、万一この情報に基づいて被ったいかなる損害についても、弊社および情報提供元は一切の責任を負いません。 【FISCO】,エスクリ,2196
21,[注目トピックス 日本株]TKP---エスクリとの資本業務提携において「アジュール竹芝」に少人数向け婚礼サービスを導入 (2020年11月2日) - エキサイトニュース - エキサイトニュース,https://www.excite.co.jp/news/article/Fisco_00093500_20201102_042/,2「人間は生まれないほうがよい、人類は滅亡するべき」著名哲学者ベネタ―の“反出生主義”が注目される！ 少子化問題を完全否定する新理論！,エスクリ,2196
22,エスクリオリジナルの「ウェディングマスク」一般販売を開始！ - PR TIMES,https://prtimes.jp/main/html/rd/p/000000084.000025398.html,None,エスクリ,2196
23,エスクリ SBIホールディングスと資本業務提携を発表 - PR TIMES,https://prtimes.jp/main/html/rd/p/000000081.000025398.html,None,エスクリ,2196
24,エスクリ、全施設にオリジナルパーテーションを導入 ～withコロナ時代の結婚式を安全安心に華やかに～ - PR TIMES,https://prtimes.jp/main/html/rd/p/000000088.000025398.html,None,エスクリ,2196
25,エスクリ アニクリギフトストアで「お花の定期便」販売スタート！~ブライダルフラワーを手掛けるラグナプリエより~ - PR TIMES,https://prtimes.jp/main/html/rd/p/000000093.000025398.html,None,エスクリ,2196
26,[注目トピックス 日本株]ＴＫＰ---エスクリのブライダル施設を共同ブランド「CIRQ（シルク）」として販売開始 (2020年10月16日) - エキサイトニュース - エキサイトニュース,https://www.excite.co.jp/news/article/Fisco_00093500_20201016_048/,*17:35JST ＴＫＰ---エスクリのブライダル施設を共同ブランド「CIRQ（シルク）」として販売開始ティーケーピーは15日、エスクリとの資本業務提携において、平日をメインにエスクリのブライダル会場を共同ブランド「CIRQ（シルク）」へ転換し、 TKPが 企業 のパーティーや懇親会の会場として販売を開始したことを発表した。「CIRQ（シルク）」は、ブライダル施設の開放感のあるラグジュアリーな雰囲気により、法人・団体のセミナー、式典等のビジネスシーンを華やかに演出することができ、各施設にキッチンが併設されているため専属シェフによる料理の提供も可能。全国主要都市の駅近を中心に展開するエスクリ会場のうち、24施設51バンケットが対象となる。これにより、約 2 万坪のブライダルクオリティ会場が TKP の商品 ライン ナップとして追加された。TKPはブライダル企業等とのアライアンスによって他社の遊休施設を積極的に活用することで、イニシャルコストを一切かけずに、提供可能なオフィススペースを拡大していく戦略を掲げており、『フレキシブルオフィス市場の国内 No.1 グループとして企業の働き方改革を支援するインフラ企業へ』と更なる進化を続けていく。《ST》,エスクリ,2196
27,エスクリ運営のワインショップ「WINELIST」4アイテムで「サクラアワード」ゴールド＆シルバーを受賞 - PR TIMES,https://prtimes.jp/main/html/rd/p/000000069.000025398.html,None,エスクリ,2196
28,ハローキティと一緒に最高にKAWAII一日を「ハローキティ＆ディアダニエル ブライダルフェア」～公式サイトがさらに可愛くリニューアル～ - PR TIMES,https://prtimes.jp/main/html/rd/p/000000085.000025398.html,None,エスクリ,2196
29,エスクリのオンラインギフトショップ「アニクリギフトストア」リニューアル - PR TIMES,https://prtimes.jp/main/html/rd/p/000000053.000025398.html,None,エスクリ,2196
30,エスクリ「ラグナヴェールアトリエ」プランナー『GOOD WEDDING AWARD 2020』グランプリ受賞！ - PR TIMES,https://prtimes.jp/main/html/rd/p/000000090.000025398.html,​受賞作品ストーリー（一部抜粋）GIFT～All for Thank you～ラグナヴェールアトリエ（ https://atelier.lagunaveil.com/ 「感謝を伝える結婚式にしたい」…あたりまえにも思ってしまうかもしれないこの言葉。一度立ち止まり、ふたりならではの色や手触りでその「感謝」を伝えるため、チームを動かし、走り始めた。その先に見えたいい結婚式の方程式「新郎新婦様×ALL」の形。エスクリウエディングのコンセプト「チームで創る結婚式／All for thank you」を全ての部門が一丸となり体現した結婚式。いい結婚式をつくる方程式「新郎新婦様×ALL」各セクションがプランナーと同じ温度感でカタチにする結婚式だからこそ、誰かの心を動かす。大切な人を頭にうかべ、想いを届けたくなる。そして、次の、未来の結婚式をつくっていく。そんな想いで創りあげた結婚式。お二人のご希望は「感謝を伝えること」打合せ前に「感謝」を辞書でひき、感謝のカタチは人が歩んだ人生で色や手触りを変えるということ改めて感じました。ふたりが一番伝えたい想いを、一番伝わるカタチにしてゲストに届けることが、どれだけ難しいことか。ゲストを想像し創り上げる時間は、まるで贈り物探しのようで「結婚式は最幸のGIFT」と考えるようになりました。結婚式の準備中にご懐妊し、結婚式を挙げられなかったというお母様。それでも今が幸せだから、結婚式に必要性を感じておらず、それは新婦様も同じでした。そんなご両親に、サプライズでバージンロードを歩いて頂くことをご提案。さらに、新婦には「Thank you」の手作り刺繍を施したお母様用のウエディングベールを用意してみてはとご提案しました。この一手間で、単なる挙式プレゼントではなく、感謝の想いを届ける最幸のGIFTになる！結婚式当日、新婦から感謝の言葉とともにお母様にベールをお渡し。お母様はブーケを手にお父様と32年越しのバージンロードを歩かれました。新郎のお母様のみの予定だった中座エスコートは、お父様もご一緒に出てきて頂き、新郎の言葉で感謝を伝えることを提案。「感謝を伝える結婚式にしたい」お二人のご希望だからこそ、両家共にカタチにするのは私のこだわりでした。ゲストひとりひとりに向けたお手紙を添えたグラスレターのサービス。サプライズ感・特別感を演出できる方法を悩んでいた時、「デザートと一緒に出したら？」と提案してくれたのは、普段から結婚式について語り合うサービスリーダーでした。80名に一斉にサプライズをお届けできるよう、三人一組でチームを組むサービス。より特別感を出せるよう、デザート名には「～お二人からの感謝を添えて～」と付け加えました。照明を落とした会場にはLEDで灯されたおふたりからのメッセージが浮かび上がり、笑顔を見せるゲスト。このグラスレターは、おふたりとゲストをつなぎつづける絆、GIFTになるに違いないと確信しました。音響スタッフが会場を彩り、司会者が想いを言葉にのせ、サービスが絶好のタイミングで届ける。それぞれの心の通った動きが、お二人の想いをカタチにする。これが私の考えるいい結婚式をつくる「ALL」のかたち。全部門のスタッフがその力をお客様の想いに合わせ発揮するからこそ、会場内に笑顔が、そして「ありがとう」が生まれる。いい結婚式をつくる方程式「新郎新婦様×ALL」披露宴後、おふたりに呼ばれ、控室に伺うと、手には私へのグラスレター。「結婚式やってよかった。本当にありがとう。」もちろんこの手紙も、私の一生の宝物となりました。グランプリ受賞者プロフィール／籔田宏美（やぶたひろみ）専門学校を卒業後、神戸のホテルのブライダル部に配属。約6年半ウエディングプランナーとして勤め、その後、株式会社エスクリに入社、「アルマリアン東京（池袋）」の立ち上げメンバーと参加したのち、「ラグナヴェールアトリエ（渋谷）」に異動、現在に至る。｢GOOD WEDDING AWARD 2017｣ではファイナリストに選出され「ソウル賞」を受賞。一緒に結婚式を創る仲間はもちろん、自分自身に関わる方へ「ありがとう」をたくさん伝えることを心がけ「ENJOY WEDDING！」を合言葉に日々楽しみながら仕事をしている。会社概要この度はグランプリを頂きありがとうございます。ALLで創る結婚式の良さを、今、この世の中に発信することに意味を感じていました。なので「All for Thank you」をまさにカタチにしたご結婚式を通して、自分の言葉で伝えることができたことを本当に嬉しく思っています。今、この状況の中で色んな想いと直面している業界の方がたくさんいらっしゃると思いますが、 会場や会社という枠を結えて、ALLの力で心をうごかす結婚式を、未来に続く結婚式を皆で創っていけたらと思います。全国のウエディングプランナーから、この一年間で最も心に残り、カップルの想いや要望を素敵な形で実現した！と思う結婚式を応募していただき、グランプリを決めるコンテストです。プランナーが新郎新婦の想いやその背景を理解し、創造性と構成力をもってプランニングすることで、新郎新婦・ゲストの双方にとって忘れられない“心に残る結婚式”が世の中に溢れるお手伝いをすることを目的として、2011年から実施しております。今年で10回目の今大会は、全国から623件のエントリーがありました。当日は、予選を通過した８名のファイナリストがプレゼンテーションを行い、審査員の審査と会場による投票の結果、受賞者の発表と授賞式を行いました。社名 ： 株式会社エスクリ設立 ： 2003年6月資本金 ： 9億8百万円(2020年８月31日現在)所在地 ： 東京都港区西新橋2-14-1 興和西新橋ビルB棟上場市場 ： 東京証券取引所市場第一部 (証券コード 2196)従業員数 ： 1221名（2020年3月末現在、グループ全体）年商 ： 連結314億円(2020年3月期)代表者 ： 代表取締役社長CEO 渋谷 守浩事業内容 ： 挙式・披露宴の企画・運営を行うブライダル事業URL ： https://www.escrit.jp/ 株式会社渋谷(本社：奈良県桜井市)株式会社エスクリマネジメントパートナーズ(本社：東京都港区)SHIBUTANI エステート・パートナーズ株式会社（奈良県橿原市）ESCRIT HAWAII INC．（ハワイ州ホノルル市）ESCRIT Taiwan INC.（台北市）ラグナヴェールAOYAMA、ロザンジュイア広尾迎賓館、ラグナヴェールTOKYO、ザ マグナスTOKYOシャルマンシーナ TOKYO、アンジェリオン オ プラザ TOKYO、アルマリアンTOKYO、ルミヴェールTOKYO南青山サンタキアラ教会、パラッツォドゥカーレ麻布、ラグナスイート ホテル＆ウエディング新横浜ラグナヴェール SkyTerrace ラグナヴェール アトリエラグナスイート ホテル＆ウエディング名古屋、ラグナヴェールNAGOYAア･ラ・モード・パレ&ザ リゾート、ラグナヴェールPREMIER、ラグナヴェールOSAKA、ラヴィマーナ神戸ラグナヴェール広島アルマリアン FUKUOKAラグナヴェールSENDAIラグナヴェールKANAZAWAセントレジェンダOKINAWAルクリアモーレ、得ナビウェディング、ブライディール、フォトウェディング スマクリ、パーティハンターWINELISTFish Bank TOKYO、神戸ベイシェラトン ホテル＆タワーズラフィネ・マリアージュ迎賓館、渭水苑／祥雲閣、ラ･ポルト、ザ・ライヴラリー、ラ・ブランシュ富山クイーンズコート・グランシャリオ、シャルム・ド・ナチュール、セントミッシェル ガーデンウェディングアヴェールブランシェ,エスクリ,2196
31,アイ・ケイ・ケイ、食品子会社設立へ - 日本経済新聞,https://www.nikkei.com/article/DGXMZO63239680R30C20A8LX0000/,None,アイ・ケイ・ケイ,2198
32,アイ・ケイ・ケイ（伊万里市）茨城に出店 - 佐賀新聞,https://www.saga-s.co.jp/articles/-/571428,結婚式場運営の「アイ・ケイ・ケイ」（伊万里市、村田裕紀社長）が、茨城県に新規出店する。日本三名園の「偕楽園」の拡張部・月池地区で、結婚式もできるレストラン・カフェ施設を運営する。来年９月の開業を目指す。新施設は鉄骨造り一部木造２階建てで、延べ床面積約２７００平方メートル。水辺にテラスガーデンなどを設ける予定。同社は「広大な水と緑のロケーションで、ゆったりと雄大なスケールを楽しめるレストランになる」と話す。同社は地方都市を中心に国内１６都市・１８施設、インドネシア２施設の結婚式場を展開している。東京都の豊洲ぐるり公園内に結婚式もできるレストラン「ララシャンスガーデン東京ベイ」の出店も予定している。（志波知佳）,アイ・ケイ・ケイ,2198
33,新様式下の結婚式提案 アイ・ケイ・ケイ会長 金子和斗志氏 - 日本経済新聞,https://www.nikkei.com/article/DGKKZO60451650X10C20A6LXC000/,None,アイ・ケイ・ケイ,2198
34,新型コロナ:「新様式下の結婚式を提案」アイ・ケイ・ケイ金子会長 - 日本経済新聞,https://www.nikkei.com/article/DGXMZO60451650X10C20A6LX0000/,None,アイ・ケイ・ケイ,2198
35,アイ・ケイ・ケイ 中間連結決算、初の経常赤字 - 佐賀新聞,https://www.saga-s.co.jp/articles/-/528361,結婚式場を全国展開するアイ・ケイ・ケイ（伊万里市、村田裕紀社長）が２８日発表した２０２０年４月中間連結決算は、売上高が前年同期比１８・３％減の７３億７６００万円、経常損益が５億７５００万円の赤字だった。新型コロナウイルスの感染拡大の影響で２０１０年の上場以来、中間期として初の赤字となった。挙式、披露宴の延期などで施行組数が減少した。介護事業の売上高は前年同期比３・０％増の２億６２００万円だった。通期の業績予想は修正するが、新型コロナウイルスの影響により現時点での予想額算定は困難としている。,アイ・ケイ・ケイ,2198
36,アイ・ケイ・ケイ社長に村田氏昇格 - 佐賀新聞,https://www.saga-s.co.jp/articles/-/465819,拡大する 村田 裕紀氏結婚式場を全国展開する東証１部上場「アイ・ケイ・ケイ」（伊万里市）は１３日の取締役会で、金子和斗志かつし社長（６７）が代表権を持つ会長兼ＣＥＯ（最高経営責任者）に就任し、取締役管理担当の村田裕紀ひろき氏（５８）が社長兼ＣＯＯ（最高執行責任者）に昇格する人事を内定した。１９９５年設立から初の社長交代となる。来年１月２８日に開く予定の株主総会後の取締役会で正式決定する。代表取締役を２人体制にして経営体制を強化し、事業拡大に伴う意思決定の迅速化などを図る。村田氏は福岡市出身、九州大経済学部卒。三井住友銀行から２０１６年１月に出向、同年９月、同社に転籍し、経営管理部長などを経て１９年１月から取締役管理担当。同社は併せて１月の株主総会の決議を経て監査役会設置会社から監査等委員会設置会社に移行することを発表した。社外取締役による経営への監督機能を強化する。,アイ・ケイ・ケイ,2198
37,本物をテーマに、心打つ感動を全国へ発信 ついには海外進出をはたした東証一部上場企業：【公式】 - NET-IB NEWS,https://www.data-max.co.jp/article/31890,ブライダル・冠婚葬祭ほかアイ・ケイ・ケイ株式会社若い社員たちにチャンスを「お客さまの幸せと感動のために」。アイ・ケイ・ケイ（株）が掲げる企業理念である。ゲストハウス・スタイルのウェディングが持つ可能性。そこにいち早く着目しすぐさま行動を起こした代表取締役・金子和斗志氏が、新ブライダルビジネスに繰り出したのが2000年。今でこそこうしたウェディングも常識となりつつあるが、結婚式といえば誰もがひと昔前のイメージを抱いていた時期のことだ。以来、佐賀県鳥栖市を皮切りに次々と支店を増やし、それに比例して業績も向上。現在では東証一部上場の一大ブライダル企業として名を馳せる。マイナビ、日経主催による大学生就職企業人気ランキング調査では、九州・沖縄エリアで2年連続第1位となり、一昨年からはインドネシアでも現地でのブライダル事業を展開するなど、今いちばん注目株の企業だ。「当社は先代が佐賀県伊万里市で食品販売業として創業し、やがてホテル運営、ブライダル事業へと発展してきました。その変遷のなかで、私自身がチャンスを与えられてきましたから、これからの人たちにもそうした機会を得てほしい。今の若い人たちとともに未来のために私は挑戦を続けます」。金子氏が期待するのは、平均年齢29歳という社員たちの成長だ。代表取締役 金子 和斗志 氏挑戦と挑戦の連続 世のため、人のためそんな同社の入社試験は少しばかりユニークだ。なんと平均6～7回にわたって面接が繰り返されるというから徹底している。もちろん人財を見極める目的もあるが、それ以上に重要視しているのは、学生たちにより多くの社員に接してもらうことで企業風土にふれ、結婚と同じくミスマッチのない選択をさせるためだという。受ける方にとっては真剣勝負の連続。応募者も多く正真正銘の狭き門だが、このやり方なら成田離婚みたいなことは起こらないだろう。では、その門をくぐり抜けた未来に何が待っているのか。社員たちはアイ・ケイ・ケイという企業を通して何を体感するのか。1つの例として、先輩社員たちのなかにプロ写真家を対象にしたコンテストや、ウェディングプランナーのコンテストで優秀な成績をおさめた者が多数存在することが挙げられる。実力がなければ絶対に獲れない賞ばかりだ。挑戦し続け、ついにはプロフェッショナルの技術を手に入れた社員が続々登場する。ちょっと想像してほしい。そんな先輩たちがゴロゴロといる現場は刺激的だ。同社は、はっきりとした目標をもつことで自分を磨き成長し、それが世のため、人のためになる。そんな職場なのだ。昼礼 朝昼夕で行われる礼会では企業理念等をテーマに話合う実力が評価される抜擢人事海外展開の話にもう少しふれてみよう。800名超の若くて元気な人財が豊富に揃っている同社は、インドネシアでの事業も成長の可能性に勝算ありと見た瞬間から、スピーディに始まった。現地の優秀な人財を獲得しすでに黒字化を実現する見込みというから、今後は日本国内と同様のペースで拡大していくことが予想される。また、国内では2020年の初夏に向け、いよいよ東京支店の出店が計画されている。予定地はあの豊洲市場の近くにある豊洲ぐるり公園内で東京湾やレインボーブリッジを眺め見る絶好のロケーション。東京五輪の話題も追い風になる。ところでこの新支店の支配人が26歳の女性社員というから驚く。「若い人財にチャンスを」という金子氏の言葉を証明したような人事だが、これは今に始まったことではない。かつては入社2年目、若干24歳の社員が支配人の座を得たケースもある。金子氏は語る。「その仕事をやり遂げるために能力が60%備わっているなら迷わず抜擢します。あとは与えられた立場がその人を育ててくれますから」。若い社員を鼓舞し、カリスマと称される金子氏。こうした人事の英断こそが、彼らの心をつかむ理由の1つだ。豊洲市場と同じエリアに来年初夏完成予定の東京支店幸せと感動を創造する仕事ミーティング。感動を創り出すためとことんアイデアを出し合う欲しいのは何をおいても企業理念に共感できる人財だという。ここはかなりこだわる。職種こそプロデューサー、プランナー、フォトグラファー、ウェディングスタイリスト、サービス、キッチンスタッフ、総務経理など多岐に渡るが、共通するのは皆が企業理念を真ん中に置いて行動していることだろう。目指すところは1つ。それはお客さまに感動してもらうことだ。そのために全力を注ぎ知恵を絞る。今、ブライダル業界ははっきりと二極化されつつある。同社のように成功した企業と失敗した企業だが、明暗を分けたのは提供するサービスが本物かどうかにある。「新郎新婦さまとそのご家族だけでなく、式に参列したすべての方たちが心動かされる時、お客さまとスタッフが1つになり何事にも代え難い感動の瞬間が訪れます。心に残る仕事にするためには、本物であることが必須です」と、金子氏。前述したコンテストの話題は、まさにその果実なのだろう。お客さまの幸せと感動を創造することは、自分たちの日々を感動させることに尽きるのかもしれない。社員が幸せでなくて、どうして人を幸せにできよう。生き生きとした社員らを見ていると、実のところいちばん心動かされているのは、彼ら彼女たちでないかとさえ思えてくるから面白い。感動をつくる人。披露後、感動した新郎新婦とスタッフが抱き合う場面も＜COMPANY INFORMATION＞代 表：金子 和斗志所在地：（本店）佐賀県伊万里市新天町722-5（福岡本部）福岡県糟屋郡志免町片峰3-6-5設 立：1995年11月資本金：3億5165万円TEL：（福岡本部）050-3539-1122URL：https://www.ikk-wed.jp/recruit/25周年記念出版雑誌 『一樹百穫』 一覧,アイ・ケイ・ケイ,2198
38,大学生就職企業人気ランキング アイ・ケイ・ケイ、３年連続で九州１位 - 佐賀新聞,https://www.saga-s.co.jp/articles/-/525433,佐賀県伊万里市の結婚式場運営会社アイ・ケイ・ケイ（村田裕紀社長）が、「２０２１年卒大学生就職企業人気ランキング」の本社所在地域別（九州・沖縄）で１位に輝いた。３年連続の快挙で、「誠に光栄。当社の経営理念や人事評価制度に共感いただいた」と話している。同社は、オンライン会議ツールなどを活用し、さまざまな職種の社員に学生が直接質問できる座談会などを開催。「移動費も労力もかからず、距離や場所に関係なく全国の学生に参加していただける」とメリット語り、学生とのコミュニケーションを積極的に図っている。ランキングは、就職情報会社マイナビと日本経済新聞社が１９７８年から実施。今回は昨年１２月～今年３月、全国の大学３年生と大学院１年生を対象にウェブなどでアンケートを取り、３万６３０人が回答した。九州・沖縄の２位は九州旅客鉄道（ＪＲ九州）で、３位ＡＮＡ福岡空港、４位西日本鉄道、５位ＴＯＴＯだった。,アイ・ケイ・ケイ,2198
39,【M&A速報：2020/06/12（2）】アイ・ケイ・ケイ、持株会社体制への移行を検討開始 投稿日時： 2020/06/12 17:03[フィスコ] - みんなの株式 - みんなの株式,https://minkabu.jp/news/2685681,仮想通貨取引所ランキングビットコインなどの仮想通貨の、優れた取引所を比較ランキングにしました！,アイ・ケイ・ケイ,2198
40,アイ・ケイ・ケイは５日続落、開業費用など響き第１四半期営業益８８％減 投稿日時： 2020/02/28 13:08[みんなの株式] - みんなの株式 - みんなの株式,https://minkabu.jp/news/2596839,仮想通貨取引所ランキングビットコインなどの仮想通貨の、優れた取引所を比較ランキングにしました！,アイ・ケイ・ケイ,2198
41,全国に「ララシャンス」を展開するアイ・ケイ・ケイ株式会社が、結婚式場業におけるリサーチで3部門No.1を獲得!!（日本マーケティングリサーチ機構調べ） - PR TIMES,https://prtimes.jp/main/html/rd/p/000000145.000033417.html,None,アイ・ケイ・ケイ,2198
42,アイケイケイについて、金子和斗志氏は保有割合が減少したと報告 [変更報告書No.8] - minkabu PRESS,https://s.kabutan.jp/news/n202006290319/,５％アイ・ケイ・ケイ <2198> について、金子和斗志氏は6月29日受付で財務省に変更報告書（5％ルール報告書）を提出した。報告書によれば、金子和斗志氏と共同保有者のアイケイケイ株式保有比率は54.40％→52.15％に減少した。報告義務発生日は6月25日。■財務省 ： 6月29日受付■発行会社： アイ・ケイ・ケイ <2198>■提出者 ： 金子和斗志◆義務発生日 保有割合（前回→今回） 保有株数 提出日時2020/06/25 54.40％ → 52.15％ 15622200 2020/06/29 10:51■提出者および共同保有者(1)金子和斗志18.11％ → 15.86％(2)金子 晴美2.95％ → 2.95％(3)エム・ケイ・パートナーズ33.33％ → 33.33％※上記は金融庁のEDINET（電子開示システム）で開示された書類に基づく情報です。金融商品取引法上の公衆縦覧ではありません。※金融商品取引法で自己株式は保有株券に含めないことになっており、そのため保有株数等が0と表記される場合があります。※保有株数が変動せず、発行済み株式数の変動に伴って保有割合が変動しているケースもあります。※変動幅が1％未満の変更報告書は契約変更などによる場合があります。※詳しくはEDINETで原本をご確認ください。株探ニュース,アイ・ケイ・ケイ,2198
43,アイ・ケイ・ケイ＜2198＞、葬儀事業子会社のアイ・セレモニーを木下に譲渡 - M&A Online,https://maonline.jp/news/20190913a,None,アイ・ケイ・ケイ,2198
44,アイ・ケイ・ケイ、就職人気ランク 九州１位 - 佐賀新聞,https://www.saga-s.co.jp/articles/-/377643,伊万里市の結婚式場運営会社アイ・ケイ・ケイ（金子和斗志社長）が、「２０２０年卒大学生就職企業人気ランキング」の本社所在地域別（九州・沖縄）で２年連続１位に選ばれた。同社は「当社の経営理念やビジョン、人事評価制度に共感し、海外展開の成長性を評価いただいた結果」とみている。ランキングは就職情報会社マイナビと日本経済新聞社が１９７８年から毎年実施している。今回は昨年１２月～今年３月、全国の大学３年生と大学院１年生を対象にイベントやインターネットなどでアンケートを取り、過去最多の４万７９３９人が回答した。アンケートでは九州・沖縄に本社を置く会社６７０の社名が学生から挙がった（自由記述）。全国の文系総合ランキングは前年の５７位から３５位に上がった。同社は今春１０１人を採用した。経営管理部の武曽裕之経営企画課長は「安定や休暇を求める学生がいる一方、人としての成長を求める学生も多い。チャレンジを高く評価し、若手が上（職場のリーダー）に立てるわが社の理念がマッチした」と分析。「研修制度も充実し、成長できる環境がある。家族も含め社員を大事に思う社長の在り方も魅力」とアピールしている。,アイ・ケイ・ケイ,2198
45,＜エコノインタビュー＞「世界一級」へ未来志向 アイ・ケイ・ケイ（伊万里市）村田裕紀社長 - 佐賀新聞,https://www.saga-s.co.jp/articles/-/511960,この記事を見るには、佐賀新聞電子版への登録が必要です。 紙面購読されている方はダブルコースを、それ以外の方は単独コースをお申し込みください結婚式場を全国展開する東証１部上場「アイ・ケイ・ケイ」（伊万里市）の社長兼ＣＯＯ（最高執行責任者）に、村田裕紀氏（５８）が就任した。急成長を続ける同社が掲げるのは、働きがいのある社風とチャレンジ精神。お使いのブラウザー（Internet Explorer 11より古いブラウザー）はマイクロソフトによるサポートが2017年4月に終了しております。2018年10月以降、佐賀新聞LiVEにアクセスできなくなります。お手数ですがInternet Exploroerを11にバージョンアップするか（ダウンロードページはこちらになります）、Microsoft Edge、Google Chrome、Firefoxなど他のブラウザーをご利用ください。,アイ・ケイ・ケイ,2198
46,新卒採用サイト「あさがくナビ」が、ダイレクトリクルーティングサイト〈会員数No.1〉を獲得！ - PR TIMES,https://prtimes.jp/main/html/rd/p/000000608.000013485.html,None,学情,2301
47,就活準備の相談をしたい人は「OB・OG」「キャリアセンターの職員」が最多 ＝学情調べ＝ - ICT教育ニュース,https://ict-enews.net/2020/11/09gakujo-3/,就活準備の相談をしたい人は「OB・OG」「キャリアセンターの職員」が最多 ＝学情調べ＝学情は、2022年3月卒業（修了）予定の大学生・大学院生239人を対象に実施した、「就職活動準備について相談したい人」に関するインターネットアンケート調査の結果をまとめ、6日に発表した。それによると、就活準備について相談したい人は、「OB・OG（若手社会人）」「キャリアセンターの職員」が、ともに66.5％で最多で、次いで、「企業のインターンシップ担当者」57.7％、「同学年の友人」42.7％が続いた。OB・OGや企業のインターンシップ担当者など、志望する業界や企業で働く若手社会人に相談したいというニーズとともに、自身の通う大学のキャリアセンターの職員に相談したいというニーズも高いことが分かった。「OB・OG（若手社会人）」に聞いてみたいことは、「今の仕事、今の会社を選んだ理由」が74.5％で最多。次いで「内定に至ったと思うポイント」73.6％、「入社前と入社後のギャップ」63.2％と続いた。「大学4年生」に聞きたいことは、「内定に至ったと思うポイント」が67.8％で最多。次いで、「3年生のうちにやっておくべきこと」66.5％、「就職活動で苦労したこと」65.3％、「内定先への入社を決めた理由」65.3％と続いた。大学4年生の先輩には、就職活動成功のためのノウハウを聞きたいというニーズが伺える。この調査は、通年採用対応ジョブ型インターンシップサイト「あさがくナビ2022」への来訪者を対象に、10月24日～28日にかけて、Web上でのアンケートという形で実施。有効回答数は239人。関連URL調査結果の詳細学情,学情,2301
48,【2022年卒】就職活動準備について相談したい人は「OB・OG」「キャリアセンターの職員」が66.5％で最多！ - PR TIMES,https://prtimes.jp/main/html/rd/p/000000607.000013485.html,None,学情,2301
49,「就職活動に不安がある」学生が97.1％に上る ＝学情調べ＝ - ICT教育ニュース,https://ict-enews.net/2020/11/04gakujo/,「就職活動に不安がある」学生が97.1％に上る ＝学情調べ＝学情は、2022年3月卒業（修了）予定の大学生・大学院生239人を対象に実施した、「就職活動準備の状況」に関するインターネットアンケートの結果をまとめ、2日に発表した。それによると、「就職活動に不安があるか？」との質問に、「不安がある」と答えたのは82.9％、「どちらかと言えば不安がある」が14.2％となっており、97.1％の学生が「就職活動に不安を感じている」ことが明らかになった。「コロナの影響がどの程度あるか分からず不安」、「対面で企業の担当者と話す機会がなかなかないので、企業研究ができていない」、「大学に行く機会が減り、友人と情報交換できていないので、自分の立ち位置が分からない」などの声が寄せられた。「就職活動に不安を感じている理由」は、「コロナ禍で、企業の採用数が減っているから」が66.8％で最多。次いで、「周囲がどの程度、就職活動準備を進めているか分からないから」62.1％、「コロナ禍で、企業が採用のハードルを上げていると思うから」53.0％と続いた。新型コロナの影響で、採用数が減少したり、採用ハードルが上がったりすることに、不安を感じている学生が多いことが推察される。また、「学生同士で話す機会が少ない」という学生の声からも分かるように、同学年の友人と直接会う機会が減り、就職活動準備に関する情報交換ができていないことも、学生が不安を感じる大きな要因になっていることが明らかになった。この調査は、通年採用対応ジョブ型インターンシップサイト「あさがくナビ2022」への来訪者を対象に、10月24日～28日にかけて、Web上でのアンケートという形で実施。有効回答数は239人。関連URL調査結果の詳細学情,学情,2301
50,【2022年卒】「就職活動に不安がある」学生が97.1％に上る。理由は「コロナ禍で、企業の採用数が減っているから」が最多、次いで「周囲がどの程度、就職活動準備を進めているか分からないから」。 - PR TIMES,https://prtimes.jp/main/html/rd/p/000000604.000013485.html,None,学情,2301
51,【20代意識調査】「テレワーク」の制度があると志望度が「上がる」が50.8％。テレワークの希望頻度は「週に3～4回」が最多。一方、転職後すぐの「テレワーク」には不安を感じる転職希望者が55.7％。 - PR TIMES,https://prtimes.jp/main/html/rd/p/000000606.000013485.html,None,学情,2301
52,【2022年卒】学生は、オンライン以上に直接訪問のセミナー・インターンシップに参加した方が「志望度が上がる」傾向。直接訪問で参加した理由は、「雰囲気が分かる」が最多。 - PR TIMES,https://prtimes.jp/main/html/rd/p/000000596.000013485.html,None,学情,2301
53,39.0％の学生が「内々定獲得後」も就職活動を継続 ＝学情調べ＝ - ICT教育ニュース,https://ict-enews.net/2020/10/12gakujo/,39.0％の学生が「内々定獲得後」も就職活動を継続 ＝学情調べ＝学情は、2021年3月卒業（修了）予定の大学生・大学院生400人を対象に実施した「内定獲得状況や内定承諾に関するインターネットアンケート」の結果をまとめ、9日に発表した。それによると、調査時点（2020年10月1日～5日）で、内定を獲得していた学生は84.0％だった。内々定獲得後の就職活動状況をみると、「内々定承諾をした上で、就職活動を継続した」が17.3％、「内々定承諾を保留した上で、就職活動を継続した」が21.7％となっており、39.0％の学生が内々定獲得後も就職活動を継続していたことが分かった。内々定獲得後も就職活動を継続した理由は、「志望している企業の選考予定が入っていたから」が最多で60.3％、次いで「就職活動で後悔したくないから」58.0％。「コロナ禍の業績不振などで、内定（内々定）取り消しが不安だったから」との回答は、2割に迫る19.8％で、内定取り消しへの自己防衛策として、内々定獲得後も就職活動を継続していた学生が一定数いたことが分かった。「内定承諾」企業を絞った（絞ろうと思っているタイミング）は、「第1志望の企業から内々定を得たとき」が最多で52.0％、次いで「選考中企業の選考が終了したとき」26.5％。他の企業の選考状況を見ながら内定承諾したいと考える学生が多い結果となった。一方で、「『内定（内々定）先企業』での面談や懇親会に参加した後」9.3％、「内定式参加後」1.0％と、1割強の学生は何らかの企業開催のイベントに参加した上で、企業の生の雰囲気を感じてから内定承諾したいと考えていた。学生からは、「人事と面談し、内定取り消しへの不安はないと感じたタイミングで就職活動を終えた」、「懇親会で社員や、内定者と実際に話したタイミングで、働くイメージが湧いたので内定承諾をした」、「オンラインで面接を受けた企業も、実際に会社の雰囲気を見たかった。会社に直接訪問した後に入社したいと思い、就職活動を終えた」などの声が寄せられた。この調査は、通年採用対応ジョブ型新卒採用サイト「あさがくナビ2021」へのサイト来訪者を対象に、10月1日～10月5日にかけて、メールで回答を依頼する形で実施。有効回答数は400人。関連URL調査結果の詳細「あさがくナビ（朝日学情ナビ）」学情,学情,2301
54,【20代意識調査】新型コロナウイルスの影響で「転職時期を遅らせた」が約4割。経験3年以上のヤングキャリアの転職理由は、「給与・年収をアップさせたい」が34.2％で最多。 - PR TIMES,https://prtimes.jp/main/html/rd/p/000000602.000013485.html,None,学情,2301
55,【2022年卒】インターンシップで「直接訪問」「オンライン」両方の選択肢がある場合、「直接訪問」を選択する学生が64.9％。「企業の雰囲気を知りたいから」「直接話すことに価値があると思うから」の声。 - PR TIMES,https://prtimes.jp/main/html/rd/p/000000597.000013485.html,None,学情,2301
56,2022年卒の就活準備が活発化。「あさがくナビ インターンシップ2022」アクセス数は昨年対比250％。合同企業セミナー「インターンシップ博」も130％以上の動員と、例年より早くから活動を開始。 - PR TIMES,https://prtimes.jp/main/html/rd/p/000000600.000013485.html,None,学情,2301
57,テレワークの経験がある20代ビジネスパーソンの6割が住みたい環境が都心である理由 - @DIME,https://dime.jp/genre/1020552/,20代テレワーク経験者の住みたい環境は「都心」が6割テレワークの導入により、仕事観や転職意識は大きく変化している。学情が20代にアンケート調査を実施した結果、テレワークを実施してみて「自宅」に関して感じた変化では、約半数が「デスクを置くなど仕事をする環境を整えようと思った」と回答している。今後テレワークが定着していくと、都心に住みたいというニーズは変わらないものの、住宅を選ぶポイントは変化していきそうだ。それでは調査結果の詳細を見ていこう。20代テレワーク経験者の住みたい環境は、「都心」が6割で「郊外」を大きく上回る20代テレワーク経験者の住みたい環境は、「通勤・プライベート含めた便利さ重視で都心に住みたい」33.1％、「どちらかと言えば通勤・プライベート含めた便利さ重視で都心に住みたい」27.1％となっており、約6割が「都心」に住みたいと回答している。「家の快適さ重視で郊外に住みたい」「どちらかと言えば家の快適さ重視で郊外に住みたい」の回答は24.9％にとどまり、20代は家の快適さよりも、都心へのアクセスの良さを重視していることが分かる。「都心は家賃が高く、部屋は狭いけれど、どこに行くのにも便利」「アクセスが良い場所に住んだほうが、移動時間の無駄がない」「絶対に都心が良いわけではないが、友人の多い場所に住みたい」「郊外も魅力的だけど、ずっと都心に暮らしているので郊外に住む実感が持てない」などの声が寄せられた。テレワークにより、約半数が「デスクを置くなど仕事をする環境を整えようと思った」と回答テレワークをしてみて「自宅」に関して感じた変化では、「デスクを置くなど仕事をする環境を整えようと思った」が最多で48.9％、次いで「より広い部屋に住みたいと思うようになった」25.6％となった。テレワークを実施することにより、「自宅」の環境を整えたいと感じている20代が多いことが分かる。今後テレワークが定着していくと、都心に住みたいというニーズは変わらないものの、住宅を選ぶポイントは変化していくことが想定される。また「自宅以外のシェアオフィスなどで仕事をしたいと思うようになった」の回答は23.3％。「自宅と仕事をする場所は分けたい」「『職場』に出社したほうが、メリハリがつく」「『職場』に出社したほうが気持ちを仕事モードに切り替えられる」といった声が挙がっており、今後、テレワークの定着と比例して、シェアオフィスの需要もニーズが拡がることが推察される。旅行をしながら旅先で仕事をする「ワーケーション」に、約半数が「興味がある」と回答旅行をしながら旅先で仕事をする「ワーケーション」について、「興味がある」29.3％、「どちらかと言えば興味がある」18.0％となっており、約半数は、ワーケーションに興味を持っていることが分かる。気分転換にワーケーションも活用するなど、より柔軟な働き方が増えていく可能性も考えられる。調査概要調査対象：[20代専門]転職サイト「Ｒｅ就活」へのサイト来訪者調査方法：「Ｒｅ就活」にアクセスしたサイト来訪者に、アンケートのポップアップを表示調査期間：2020年7月16日～2020年7月20日有効回答数：491名（緊急事態宣言中にテレワークを実施した人は133名・実施していない人は358名）構成／ino.,学情,2301
58,学情、21日開催の「高島市オンライン就職フェア」を運営 - ICT教育ニュース,https://ict-enews.net/2020/10/15gakujo-4/,学情、21日開催の「高島市オンライン就職フェア」を運営学情は14日、滋賀・高島市が21日に開催する「高島市オンライン就職フェア」の運営を担当すると発表した。この就職フェアは、高島市で就職を希望する若年求職者を対象に、高島市の企業・事業所の説明会の場を設け、就業の促進と企業の活性化を図ることを目的とした「WEB合同就職説明会」。今回は、新型コロナの影響でWEB上での開催となり、当日はオンラインで各企業が説明会を実施。高島市の企業・事業所が約20社集結し、U・I・Jターン希望者を含む若年求職者向けに、高島市の魅力や働き方改革などに関する情報を提供する。開催概要開催日時：10月21日（水）10：30～18：00（10：00～接続テスト）開催会場：高島市観光物産プラザ［滋賀県高島市新旭町旭1丁目10番地1］開催方法：オンライン当日配信スケジュール：・10：00～10：25「接続テスト」・10：30～18：00「各ルーム毎に会社説明会を配信」参加費：無料詳細2021年卒者の申込み既卒者の申込み関連URL学情,学情,2301
59,就職活動準備について相談したい人、「OB・OG」や「キャリアセンターの職員」が最多に - EdTechZine（エドテックジン）,https://edtechzine.jp/article/detail/4687,学情は、2022年3月卒業（修了）予定の大学生・大学院生を対象に実施した、「就職活動準備について相談したい人」に関する調査の結果を、11月6日に発表した。同調査は、学情が運営する通年採用対応ジョブ型インターンシップサイト「あさがくナビ2022」への来訪者に対して、10月24～28日の期間に行われ、239名から有効回答を得ている。調査対象者に、就職活動準備について相談したい人を尋ねたところ（複数回答）、「OB・OG（若手社会人）」「キャリアセンターの職員」が、どちらも66.5％でもっとも多かった。以下、「企業のインターンシップ担当者」（57.7％）、「同学年の友人」（42.7％）がそれに続く。「OB・OG（若手社会人）」に聞いてみたいことを尋ねた質問（複数回答）では、「今の仕事、今の会社を選んだ理由」（74.5％）が最多で、「内定に至ったと思うポイント」（73.6％）、「入社前と入社後のギャップ」（63.2％）が続いた。「大学4年生」に聞きたいこととしては（複数回答）、「内定に至ったと思うポイント」（67.8％）がもっとも多い。次いで、「3年生のうちにやっておくべきこと」（66.5％）、「就職活動で苦労したこと」（65.3％）、「内定先への入社を決めた理由」（65.3％）となっている。,学情,2301
60,「2021年卒の就活」に拭いきれないコロナの影、「内定・内々定取り消しが不安」な人が2割近く【学情調べ・2020年10月時点】 - Web担当者Forum,https://webtan.impress.co.jp/n/2020/10/19/37830,2021年3月卒業（修了）予定の大学生・大学院生を対象に「内定獲得状況や内定承諾」に関する調査を実施した。拭いきれないコロナの影響、「内定・内々定取り消しが不安」な人が2割近くまず調査時点（2020年10月1日～10月5日）で内定を獲得していた学生は、84.0％。6月時点の内々定率は64.2％で、4か月でかなり内定獲得が進んだ。一方で「内々定獲得後」も就職活動を継続していた学生は39.0％だった。内訳は「内々定承諾をした上で、就職活動を継続した」が17.3％、「内々定承諾を保留した上で、就職活動を継続した」が21.7％だった。6月時点では、内々定獲得の学生の就職活動継続率は36.8％だったため、それよりも上昇している。「内々定獲得後も、就職活動を継続した理由」を聞くと、「志望している企業の選考予定が入っていたから」60.3％、「就職活動で後悔したくないから」58.0％がとくに多い。一方で、「コロナ禍の業績不振などで、内定・内々定取り消しが不安だったから」19.8％も多い。「内定承諾企業を絞った・絞ろうと思ったタイミング」については、「第一志望の企業から内々定を得たとき」52.0％が最多で、2位の「選考中企業の選考が終了したとき」26.5％の倍近く差を付けており、選考状況を注視している学生が多いようだ。一方で、面談や懇親会、内定式に参加した後など、生の雰囲気を感じてから内定承諾したいと考えている学生も一定数が存在した。調査概要,学情,2301
61,スタジオアリスから成人向けディズニーデザイン振袖が新登場！ ～2021年1月15日(金)より予約受付を開始～ - PR TIMES,https://prtimes.jp/main/html/rd/p/000000026.000032126.html,None,スタジオアリス,2305
62,スタジオアリスが強い 今期は黒字確保、配当も前期同額を維持 - 東洋経済兜町特捜班 - 経済 - 朝日新聞社,http://www.asahi.com/business/stock/kabuto/Ctkkabuto1851606.html,スタジオアリス（２３０５）が強い動き。１３時時点では前日比７５円（４．３％）高の１８０６円付近でしっかり。チャート上では大陽線を立てて買われ、２月下旬以来およそ８カ月ぶりの高値圏で推移している。前日にこれまで非開示だった今２０２１年２月期業績予想を開示しており、これがポジティブに取られているもよう。今期売上高予想は３４７億円（前期比１０．７％減）、営業利益は２１億円（同３５．３％減）、純利益は６億円（同５０．４％減）とした。期末一括配当も前期と同じ５０円を見込む。前期に比べると大幅な減収減益となるものの、第１四半期（３～５月期）で業績が底打ち感を示しているといい、通期ベースでは黒字を確保できるという。同時に発表した第２四半期累計（３～８月期）決算は、売上高が前年同期比２２．８％減の１３６億３１００万円、最終損益は９億８０００万円の赤字（前年同期は６６００万円の赤字）。,スタジオアリス,2305
63,スタジオアリス減収減益へ 純利益が前期比50％減 - ニッカンスポーツ,https://www.nikkansports.com/general/news/202010120000792.html,写真館のスタジオアリスは12日、2021年2月期通期の連結業績予想を発表し、純利益が前期比50・4％減の6億円になるとの見通しを示した。売上高は10・7％減の347億円を見込む。新型コロナウイルスの影響による店舗の臨時休業で上期の売上高は大きく落ち込んだが、下期は前年をやや下回る水準に戻ると予想した。写真館「スタジオアリス」の売上高（速報値）は3月から6月まで4カ月連続で前年割れとなったが、7、8月は前年の水準を上回った。9月は前年同月比1・9％減にとどまった。記念写真の需要は緩やかに回復し、来年1月以降は新型コロナの感染拡大前の水準に戻るとした。同時に発表した20年8月中間連結決算は、売上高が前年同期比22・8％減の136億円、純損益が9億円の赤字だった。（共同）,スタジオアリス,2305
64,スタジオアリス、成人向けディズ二―デザイン振袖の予約受付を開始 - マイライフニュース Mylife News Network,https://www.mylifenews.net/other/2020/11/post-727.html,スタジオアリスは、2022年・2023年の成人式振袖レンタルに向け、来年1月15日からりディズニーキャラクターからインスパイアを受けたディズ二―デザイン振袖の予約受付を開始する。安心一律価格9万9800円（税別）の成人式振袖レンタル「ふりホ」に、人気のディズニーキャラクターをモチーフにしたディズニーデザイン振袖20種類が新たにラインアップする。ディズニーデザインの振袖は、ディズニー作品に登場する個性豊かなキャラクターからインスパイアされたデザインになっている。それぞれのキャラクターの特徴であるモチーフやカラーをさりげなく盛り込み、雰囲気や色合いでキャラクターを連想させるデザインに仕上げた振袖は、新成人の人に可愛いだけでなく、ちょっぴり大人の雰囲気漂う装いでディズニーの世界観を満喫できるとのこと。全20種類のディズニーデザイン振袖は、「～Always be yourself～いつもあなたらしく」をテーマにしている。新成人を迎える節目の年に、これから出会うたくさんの素敵な出会いの中で、一歩一歩夢に向かい真っ直ぐ進んでほしいという想いを込め「いつもあなたらしく」をコンセプトに開発した。ディズニーキャラクターそれぞれの個性を活かし、遊び心と新成人の人々のお祝いにふさわしいデザインに仕上げている。また、10月30日から来年1月11日に開催される「ミッキーマウス展 THE TRUE ORIGINAL＆BEYOND」においてディズニーデザイン振袖の「ミニーマウス」「デイジーダック」のデザイン2種類を初披露する。新成人を迎える大切な記念日をディズニーキャラクターと一緒に思い出に残してみては。［レンタル価格］9万9800円（税別）［予約受付開始日］2021年1月15日（金）スタジオアリス＝https://www.studio-alice.co.jp/,スタジオアリス,2305
65,QBハウスとタイムズは不調、洗車のキーパーは15.3％増／その他サービス4社【9月度・業界天気図】 - ダイヤモンド・オンライン,https://diamond.jp/articles/-/252317,QBハウスとタイムズは不調、洗車のキーパーは15.3％増／その他サービス4社【9月度・業界天気図】コロナ禍から企業が復活するのは一体、いつになるのだろうか。上場100社超、30業界を上回る月次の経営データをつぶさに見ると、企業の再起力において明暗がはっきりと表れている。前年同期と比べた月次データの推移から、6つの天気図で各社がいま置かれた状況を明らかにする。1913年の創業時に刻まれた「そろばん（データ）主義」に基づき、データ分析を用いて、産業や企業に新たな尺度（物差し）を当てる組織横断的なアナリティクスチーム。データジャーナリズム時代におけるコンテンツの新しい在り方を模索している。コロナ禍から企業が復活するのは一体、いつになるのだろうか。上場100社超、30業界を上回る月次の経営データをつぶさに見ると、企業の再起力において明暗がはっきりと表れている。前年同期と比べた月次データの推移から、6つの天気図で各社がいま置かれた状況を明らかにする。かとう・ももこ／16年入社。広告営業を経て、20年よりダイヤモンド編集部の記者・編集者。健康、マネー、職場問題に関する連載を担当。趣味はヨガと温泉巡り。Photo:PIXTAコロナ禍から企業が復活するのは一体、いつになるのだろうか。上場100社超、30業界を上回る月次業績データをつぶさに見ると、企業の再起力において明暗がはっきりと表れていることが分かる。前年同期と比べた月次業績データの推移から、6つの天気図で各社がいま置かれた状況を明らかにする連載「コロナで明暗！【月次版】業界天気図」。今回は、9月度のその他サービス編だ。QBハウスとタイムズは不調、洗車のキーパーは15.3％増その他サービスカテゴリーの主要4社が発表した9月度の月次業績データ（パーキング業績、既存店売上高、国内売上高など）は以下の結果となった。写真館チェーンを展開するスタジオアリス（スタジオアリス）の9月度における国内売上高は1.9％減（対前年同月比、以下同）、タイムズ（パーク24）のパーキング業績は、10.8％減だった。4社の中で最も厳しい状況にあるのが理容店を展開するQBハウス（キュービーネットホールディングス〈HD〉）である。既存店売上高は21.7％減まで落ち込んだ。その一方で、絶好調なのが洗車やコーティングサービスを展開するキーパー（KeePer技研）である。コロナ禍の中でも既存店売上高が15.3％増というすさまじい伸びを見せた。,スタジオアリス,2305
66,「ミッキーマウス展 ザ トゥルー オリジナル アンド ビヨンド」が森アーツセンターギャラリーで開催決定。キース・ヘリングによる作品も日本初上陸 - F.M.J.magazine,https://fashionmarketingjournal.com/2020/10/mickey-thetrueoriginalandbeyond.html,ミッキーマウスのスクリーンデビュー90周年を記念し、「ミッキーマウス展 ザ トゥルー オリジナル アンド ビヨンド（THE TRUE ORIGINAL & BEYOND）」の展覧会が決定。東京・六本木の森アーツセンターギャラリーにて、10月30日から1月11日の期間で開催される。同展は、2018年から2019 年にニューヨークで開催された「ミッキー: ザ トゥルー オリジナル（MICKEY: THE TRUE ORIGINAL」の作品を中心に展示。世界中のポップカルチャーやアートに影響を与えてきたミッキーマウスにインスピレーションを受けて作られた展覧会として開催される。ミッキーマウスのスクリーンデビュー作である「蒸気船ウィリー」コーナーをはじめ、人気を博したニューヨーク展からは、世界的アーティストらが手掛けた作品、日本人アーティスト5名による“誰も見たことがない”未来のミッキーマウス作品が楽しめる。中でも注目は、ニューヨーク展でも注目を集めた世界的アーティストのキース・ヘリングによる作品だ。幼少期よりウォルト・ディズニーの作品に影響を受けたとされ、作品の中には度々ミッキーマウスが登場することで知られる、彼による作品「アンタイトル ミッキーマウス Untitled(Mickey Mouse)」が、日本初上陸する。同展を記念し、開催中、会場内には「ミッキーマウス展公式ショップ」がオープン。普段使いが出来る文房具やバッグからクールなファッションアイテムまで、ここでしか手に入らないオリジナル商品約200点を含む400点以上のグッズがラインナップする。また、キース・ヘリングの限定スペシャルアイテムも登場し、オリジナル商品の一部は、ディズニー公式オンラインストア内の特集ページでも、10月30日より購入が可能となる。さらに、同展の応援企画として、六本木ヒルズ内の14店舗による「ミッキーマウスデザイン リミテッド コレクション（Limited Collection）」の発売が決定。その店舗でしか手に入らないレアなグッズや隠れミッキーグッズなどを展開する。なお、チケットは混雑緩和と感染防止のため、日時指定の予約制を導入。観覧には「日時指定入館券」が必要となり、公式サイトにて詳細を発表する。（トップ画像） 「ミッキーマウス展 THE TRUE ORIGINAL & BEYOND」 キービジュアルミッキーマウス展 THE TRUE ORIGINAL & BEYOND 開催概要会期 :2020年10月30 日(金)~2021年1月11日(月・祝)※会期中無休開館時間 :10:00~20:00※火曜は17時まで(ただし、11月3日、12月29日、1月5日は除く)※入館は閉館時間の30分前まで会場 :森アーツセンターギャラリー(六本木ヒルズ森タワー52階)主催 :朝日新聞社、日本テレビ放送網、森アーツセンター協賛 :ディズニー★JCB カード、株式会社エイブル、株式会社スタジオアリス特別協力 :ウォルト・ディズニー・ジャパン展示協力 :JKD Collective、ドリル、ソニーPCL、映像センター、ENEOS入館料(税込):一般(大学生以上)2800円、中高生 2000円、小学生 1200円問い合わせ :03-5777-8600 ハローダイヤル(8時~22時)©Disney,スタジオアリス,2305
67,出来高変化率ランキング（14時台）～古河電池、ブロバンタワなどがランクイン 投稿日時： 2020/10/13 14:53[フィスコ] - みんなの株式 - みんなの株式,https://minkabu.jp/news/2783392,※出来高変化率ランキングでは、直近5日平均の出来高と配信当日の出来高を比較することで、物色の傾向など市場参加者の関心を知ることができます。■出来高変化率上位 [10月13日 14:34 現在]（直近5日平均出来高比較）コード⇒銘柄⇒出来高⇒5日平均出来高⇒出来高変化比率⇒株価変化率 <3490> アズ企画 149000 6600 2157.58% -3.98% <6779> 日電波 5156400 519420 892.72% 18.91% <2667> イメージワン 635200 94760 570.33% 3.09% <4814> ネクストウェア 785800 134820 482.85% 4.58% <3690> ロックオン 440400 82080 436.55% 12.54% <7520> エコス 242300 47880 406.06% 5.44% <3671> ソフトマックス 2522600 499160 405.37% 10.18% <3996> サインポスト 259500 51900 400.00% -10.32% <6937> * 古河電池 1094700 221080 395.16% 6.7% <3482> ロードスター 1452100 307380 372.41% 10.23% <1547> 上場米国 157500 35240 346.94% 1.12% <2305> スタジオアリス 136000 30980 338.99% 5.49% <6093> エスクローAJ 3904000 936840 316.72% 7.16% <8005> スクロール 2592600 638320 306.16% 9.69% <2178> トライステージ 790400 202900 289.55% -9.56% <3788> GMOクラウド 1492900 394880 278.06% 13.9% <8008> 4℃HD 201100 54900 266.30% 6.06% <3692> FFRI 354800 97160 265.17% 6.59% <3778> さくら 1681200 463580 262.66% 8.53% <3776> * ブロバンタワ 25492300 7177460 255.17% 19.41% <1419> タマホーム 779300 220500 253.42% -0.35% <4320> CEHD 518700 152540 240.04% 1.74% <3940> ノムラシステム 846700 249400 239.49% 3.96% <4429> リックソフト 48900 14420 239.11% 4.75% <7725> インターアク 576200 172740 233.56% -5.26% <3923> ラクス 2442700 754600 223.71% 5.51% <3784> ヴィンクス 168900 54560 209.57% 5.05% <1343> * REITETF 621380 200902 209.30% -0.32% <2162> * nmsHD 208900 68020 207.12% -1.72% <3857> ラック 369500 121840 203.27% 3.23%（*）はランキングに新規で入ってきた銘柄20日移動平均売買代金が5000万円以下のものは除外＜CS＞,スタジオアリス,2305
68,出来高変化率ランキング（10時台）～アルフレッサ、ネクストウェアなどがランクイン - 株探ニュース,https://kabutan.jp/news/marketnews/?b=n202010130331,※出来高変化率ランキングでは、直近5日平均の出来高と配信当日の出来高を比較することで、物色の傾向など市場参加者の関心を知ることができます。■出来高変化率上位 [10月13日 10:44 現在]（直近5日平均出来高比較）銘柄コード 銘柄名 出来高 5日平均出来高 出来高変化率 株価変化率 3490 > アズ企画 44300 6600 571.21% -8.4% 2667 > イメージワン 482700 94760 409.39% 4.12% 1547 > 上場米国 144750 35240 310.75% 1% 4814 >* ネクストウェア 547100 134820 305.8% 4.17% 3671 > ソフトマックス 1789400 499160 258.48% 12.76% 7520 > エコス 170900 47880 256.93% 7.65% 2305 > スタジオアリス 96700 30980 212.14% 3.99% 3996 > サインポスト 158500 51900 205.39% -10.78% 3690 > ロックオン 244800 82080 198.25% 10.23% 3482 >* ロードスター 869100 307380 182.74% 12.95% 1475 > iSTOPIX 95336 34241.4 178.42% 0.12% 6779 >* 日電波 1400700 519420 169.67% 12.29% 3940 > ノムラシステム 665800 249400 166.96% 3.52% 1419 > タマホーム 548700 220500 148.84% -2.14% 4320 >* CEHD 378100 152540 147.87% 4.78% 6093 >* エスクローAJ 2247500 936840 139.9% 13.18% 2178 > トライステージ 477100 202900 135.14% -8.76% 3923 > ラクス 1695200 754600 124.65% 5.15% 8008 > 4℃HD 121900 54900 122.04% 5.36% 7725 > インターアク 378200 172740 118.94% -3.69% 3542 > VEGA 826600 385400 114.48% -12.13% 3784 > ヴィンクス 112800 54560 106.74% 4.74% 4429 > リックソフト 29500 14420 104.58% 5.15% 2791 > 大黒天 89400 45460 96.66% -3.02% 2784 >* アルフレッサ 602300 310340 94.08% -2.66% 8005 > スクロール 1216000 638320 90.5% 5.96% 4298 > プロトコーポ 69200 36880 87.64% 6.01% 7746 > 岡本硝子 1224100 658540 85.88% 0.91% 4599 >* ステムリム 1069300 575660 85.75% 3.82% 2562 >* 上場ダウH 202540 109314 85.28% 0.24%（*）はランキングに新規で入ってきた銘柄20日移動平均売買代金が5000万円以下のものは除外《ST》お気に入りを追加しました。 x お気に入りを追加しました。お気に入りを削除しました。 x お気に入りを削除しました。x お気に入りがいっぱいです！もっと追加するには、株探プレミアム（月額1980円／税別）の登録が必要です。初めてご登録の方には「30日間の無料体験」キャンペーン実施中！※過去に「30日間の無料体験」をご利用になった方にはキャンペーンは適用されません。※無料体験終了後は株探プレミアムへ自動移行されます。株探プレミアムに登録する株探プレミアムのご紹介 お気に入りがいっぱいです！もっと追加するには、株探プレミアム（月額1980円／税別）の登録が必要です。初めてご登録の方には「30日間の無料体験」キャンペーン実施中！※過去に「30日間の無料体験」をご利用になった方にはキャンペーンは適用されません。※無料体験終了後は株探プレミアムへ自動移行されます。,スタジオアリス,2305
69,コロナで明暗！【月次版】業界天気図 - ダイヤモンド・オンライン,https://diamond.jp/articles/-/252189,コロナ禍から企業が復活するのは一体、いつになるのだろうか。上場100社超、30業界を上回る月次の経営データをつぶさに見ると、企業の再起力において明暗がはっきりと表れている。前年同期と比べた月次データの推移から、6つの天気図で各社がいま置かれた状況を明らかにする。1913年の創業時に刻まれた「そろばん（データ）主義」に基づき、データ分析を用いて、産業や企業に新たな尺度（物差し）を当てる組織横断的なアナリティクスチーム。データジャーナリズム時代におけるコンテンツの新しい在り方を模索している。コロナ禍から企業が復活するのは一体、いつになるのだろうか。上場100社超、30業界を上回る月次の経営データをつぶさに見ると、企業の再起力において明暗がはっきりと表れている。前年同期と比べた月次データの推移から、6つの天気図で各社がいま置かれた状況を明らかにする。コロナ禍から企業が復活するのは一体、いつになるのだろうか。上場100社超、30業界を上回る月次の経営データをつぶさに見ると、企業の再起力において明暗がはっきりと表れている。前年同期と比べた月次データの推移から、6つの天気図で各社がいま置かれた状況を明らかにする。かとう・ももこ／16年入社。広告営業を経て、20年よりダイヤモンド編集部の記者・編集者。健康、マネー、職場問題に関する連載を担当。趣味はヨガと温泉巡り。Photo:Adam Gault/gettyimages100社超の月次の業績データで分かる企業の「再起力」「過去最悪の赤字」「希望退職者の募集」「新卒採用の中止」――。新型コロナウイルスの感染者数は一時に比べて収まりつつあるものの、企業業績の見通しは依然、厳しい状況が続く。冬のボーナスの大幅カットや人員減、出向など、かつてない状況を迎えているところも多い。それでは一体、コロナ危機から企業が復活するのはいつになるのだろうか。また企業によって差があるのか。そこで、ダイヤモンド・アナリティクスチームは、各社の公表資料を基に上場100社超、30業界・業種を上回る月次の業績データ（各種の売上高や収入、客数など）を調べた。その1年間の推移を追い、それぞれの状況をつぶさに見ると、企業の「再起力」で明暗がはっきりと分かれていた。それを示すために、次のような縦軸・横軸を取ったプロット図をご覧いただきたい。【縦軸】 コロナ前（2020年1月末）と20年9月末を比べたときの各社の時価総額の変化率（％） ＝20年9月末時点の時価総額÷20年1月末時点の時価総額【横軸】 月次業績データの対前年同月比（7〜9月の3カ月平均）各社の公表資料より、ダイヤモンド・アナリティクスチームが作成このプロット図を見ると、横軸の月次業績データが前年並みであることを示す100、あるいはそれ以上に回復しているところほど、時価総額がコロナ前よりも高まっている傾向がうかがえる。その逆もまた然りだ。とりわけ月次業績データの対前年同月比が60％以上であるプロット図のおよそ右半分をみると、月次業績データがよい企業ほど時価総額が増加傾向にあるという、正の相関を示している（相関係数は0.66である）。つまり、月次業績データを追うことで、企業経営が順調かどうか、さらには今後の企業価値の行方も占うことができるのだ。本連載では、業界・業種ごとに各社の月次指標を公開していく。さらに、各社が置かれた経営環境がひと目で判断できるように、月次業績データにおける直近3カ月の平均データの推移から、各社がいま置かれた状況を6つの天気図で示す。下に示す通り、まとめ記事を31業界・業種別に順次、配信していく。31業界・業種のデータを一挙公開予定（カッコ内はデータ公開企業名）総論編：>>>>>>まとめ記事「コロナで明暗！【9月版】業界天気図」アパレル編： ワールド、洋服の青山（青山商事）、しまむら、ユニクロ（ファーストリテイリング）>>>9月度コンビニ編： ローソン、セブン-イレブン（セブン＆アイHD）、ファミリーマ—ト、ミニストップ>>>9月度総合スーパー編： イトーヨーカ堂（セブン&アイHD）、ドン・キホーテ（パン・パシフィック・インターナショナルHD）、ユニー（パン・パシフィック・インターナショナルHD）、イオンリテール（イオン）、イズミ>>>9月度食品スーパー編： マルエツ（ユナイテッド・スーパーマーケットHD）、いなげや、ライフ（ライフコーポレーション）、Olympic（オリンピック）>>9月度ファストフード編： マクドナルド（日本マクドナルド）、丸亀製麺（トリドールHD）、モスバーガー（モスフードサービス）、ケンタッキー（日本KFCHD）>>9月度牛丼チェーン編： すき家（ゼンショーHD）、吉野家（吉野家HD）、松屋（松屋フーズHD）>>9月度ラーメン・カレー・定食編： 大戸屋（大戸屋HD）、いきなり！ステーキ（ペッパーフードサービス）、日高屋（ハイデイ日高）、CoCo壱番屋（壱番屋）、餃子の王将（王将フードサービス）>>9月度百貨店編： 大丸松坂屋（Ｊ．フロント リテイリング）、三越伊勢丹、髙島屋、阪急阪神百貨店（エイチ・ツー・オー リテイリング）>>9月度通販編： アスクル、モノタロウ（ＭｏｎｏｔａＲＯ）、ベルーナ>>9月度レジャー編： ラウンドワン、東京スカイツリー（東武鉄道）、TOHO シネマズ（東宝）>>9月度住宅編： ミサワホーム、住友林業、大和ハウス（大和ハウス工業）、セキスイハイム（積水化学工業）>>9月度ファッションビル編： パルコ（Ｊ．フロント リテイリング）、マルイ（丸井グループ）>>9月度すし編： くら寿司、スシロー（スシローグローバルホールディングス）、かっぱ寿司、元気寿司>>9月度専門店編： ABCマ—ト（エービーシー・マート）、JINZ（ジンズホールディングス）、サイクルベースあさひ（あさひ）、ワークマン、オートバックス（オートバックスセブン）>>9月度ホテル編： 東急ホテルズ（東急）、京王プラザホテル（京王電鉄）、プリンスホテル（西武ホールディングス）>>9月度旅行編： 阪急交通社（阪神阪急HD）、HIS（エイチ・アイ・エス）、近畿日本ツーリスト（KNT-CT HD）>>9月度（注）旅行会社は翌々月発表のため、9月度のデータは8月のものである。家具・雑貨編： セリア、無印（良品計画）、ニトリ（ニトリHD）>>9月度鉄道（JR）編： JR東日本、JR西日本、JR東海、JR九州>>9月度カフェ・レストラン編： ドトール（ドトール・日レスHD）、サンマルク（サンマルクHD）、コメダ珈琲（コメダHD）>>9月度家電量販店編： エディオン、ビックカメラ＋コジマ（ビックカメラ）、ケーズデンキ（ケーズHD）>>9月度航空編： JAL_国際線（日本航空）、JAL_国内線（日本航空）、ANA_国際線（ANAHD）、ANA_国内線（ANAHD）>>9月度ビール編： サッポロビール（サッポロHD）、アサヒビール（アサヒグループHD）、キリンビール（キリングループ）>>9月度広告編： 博報堂グループ_新聞（博報堂DYHD）、博報堂グループ_雑誌（博報堂DYHD）、博報堂グループ_テレビ（博報堂DYHD）、博報堂グループ_ネット（博報堂DYHD）>>9月度ドラッグストア編： マツモトキヨシ（マツモトキヨシHD）、ウエルシア（ウエルシアHD）、コスモス薬品、ツルハ（ツルハHD）、サンドラッグ>>9月度ホームセンター編： DCM（DCM ホールディングス）、コーナン（コーナン商事）、島忠、コメリ>>9月度自動車編： 日産（日産自動車）、トヨタ（トヨタ自動車）、マツダ、ホンダ（本田技研工業）、スズキ>>9月度居酒屋チェーン編： 鳥貴族、ワタミ、コロワイドグループ（コロワイド）、天狗グループ（テンアライド）>>9月度陸運・物流編： サカイ引越センター、日本通運、ヤマト運輸（ヤマトHD）、佐川急便（SGHD）>>9月度ファミレス編： すかいらーくグループ（すかいらーく）、デニーズ（セブン&アイHD）、サイゼリヤ、ロイヤルホスト（ロイヤルHD）、ジョイフル>>9月度鉄道（私鉄）編： 東武鉄道、東急電鉄（東急）、小田急電鉄、京王電鉄、西武鉄道（西武ホールディングス）>>9月度その他サービス編： スタジオアリス、タイムズ（パーク24）、キーパー（KeePer技研 ）、QBハウス（キュービーネットホールディングス）>>9月度,スタジオアリス,2305
70,【スタジオアリス営業再開のお知らせ】お客様およびスタッフの健康と安全を第一に考慮した～スタジオアリスの安心安全の取り組み～ - PR TIMES,https://prtimes.jp/main/html/rd/p/000000020.000032126.html,None,スタジオアリス,2305
71,店舗数業界NO.１のスタジオアリスが人気振袖ランキングを発表 - PR TIMES,https://prtimes.jp/main/html/rd/p/000000025.000032126.html,None,スタジオアリス,2305
72,本日の【ボリンジャー｜±３σブレイク】引け 上抜け＝ 36 銘柄 下抜け＝ 5 銘柄 (10月14日) - minkabu PRESS,https://s.kabutan.jp/news/n202010140623/,■10月14日の終値が、ボリンジャーバンドの＋３σを上回った／－３σを下回った銘柄●株価が＋３σを上回った銘柄（市場人気順） ★株価の上げ足が速過ぎ、売りが出やすい銘柄銘柄名 株価 前日比 (比率)<6658> シライ電子工業 396 +69 (+21.1％)<3469> デュアルタップ 946 +28 ( +3.1％)<6255> エヌ・ピー・シー 437 +42 (+10.6％)<3796> いい生活 963 +80 ( +9.1％)<4613> 関西ペイント 2807 +55 ( +2.0％)<7022> サノヤスＨＤ 186 +20 (+12.0％)<3936> グローバルウェイ 2550 +200 ( +8.5％)<7448> ジーンズメイト 260 +43 (+19.8％)<3633> ＧＭＯペパボ 6330 +530 ( +9.1％)<9514> エフオン 793 +40 ( +5.3％)<3939> カナミックネットワーク 930 +54 ( +6.2％)<6544> Ｊエレベータ 4055 +100 ( +2.5％)<3690> イルグルム 2079 +81 ( +4.1％)<4577> ダイト 4315 +690 (+19.0％)<7187> ジェイリース 895 +150 (+20.1％)<3526> 芦森工業 1010 +150 (+17.4％)<2305> スタジオアリス 1895 +37 ( +2.0％)<9867> ソレキア 9840 +810 ( +9.0％)<6033> エクストリーム 1621 +65 ( +4.2％)<3891> ニッポン高度紙工業 1361 +39 ( +3.0％)<3174> ハピネス・アンド・ディ 965 +84 ( +9.5％)<7928> 旭化学工業 556 +80 (+16.8％)<4673> 川崎地質 2323 +303 (+15.0％)<8844> コスモスイニシア 449 +24 ( +5.6％)<7809> 壽屋 1895 +93 ( +5.2％)<7162> アストマックス 229 +5 ( +2.2％)<7571> ヤマノホールディングス 76 +2 ( +2.7％)<9687> ＫＳＫ 2060 +108 ( +5.5％)<6031> サイジニア 1270 +53 ( +4.4％)<6496> 中北製作所 2849 +206 ( +7.8％)<3474> Ｇ－ＦＡＣＴＯＲＹ 379 +9 ( +2.4％)<4918> アイビー化粧品 729 +66 ( +10.0％)<8903> サンウッド 485 +18 ( +3.9％)<7042> アクセスＨＤ 1038 +150 (+16.9％)<3495> 香陵住販 1569 +74 ( +4.9％)<4624> イサム塗料 2903 +71 ( +2.5％)以上、36銘柄●株価が－３σを下回った銘柄（市場人気順） ★株価の下げ足が速過ぎ、買い戻しが入りやすい銘柄銘柄名 株価 前日比 (比率)<8016> オンワード 218 -14 ( -6.0％)<2735> ワッツ 826 -79 ( -8.7％)<6044> 三機サービス 1044 -116 (-10.0％)<4558> 中京医薬品 365 -7 ( -1.9％)<9733> ナガセ 5450 -300 ( -5.2％)以上、5銘柄提供：株式分析ソフト『ストックボード』から転載。『ストックボード』では、リアルタイムでご覧いただけます。,スタジオアリス,2305
73,本日の【ボリンジャー｜±３σブレイク】前場 上抜け＝ 28 銘柄 下抜け＝ 5 銘柄 (10月13日) - 株探ニュース,https://kabutan.jp/news/marketnews/?b=n202010130397,※この記事はリアルタイム株価記載のため、プレミアム会員向けに20分先行して配信しています。デュアルＴ ＜日足＞ ボリンジャー／カイリ率 「株探」多機能チャートより デュアルＴ ＜日足＞ ボリンジャー／カイリ率 「株探」多機能チャートより+220+48+84+50+144+10+71+370+17+400+270+63+58+480+72+65+85+21+80+12+78+109+34+100+10+23+75+84-5-137-6-5-11■10月13日の前場終値が、ボリンジャーバンドの＋３σを上回った／－３σを下回った銘柄●株価が＋３σを上回った銘柄（市場人気順） ★株価の上げ足が速過ぎ、売りが出やすい銘柄銘柄名 株価 前日比 (比率) 3469 > デュアルタップ 987(+28.7％) 6779 > 日本電波工業 471(+11.3％) 8005 > スクロール 1023( +8.9％) 3779 > Ｊエスコム 165(+43.5％) 4343 > イオンファンタジー 2280( +6.7％) 1491 > 中外鉱業 50(+25.0％) 6101 > ツガミ 1363( +5.5％) 3633 > ＧＭＯペパボ 5910( +6.7％) 7888 > 三光合成 316( +5.7％) 3936 > グローバルウェイ 2350(+20.5％) 3021 > パシフィックネット 2481(+12.2％) 6047 > Ｇｕｎｏｓｙ 1047( +6.4％) 2981 > ランディックス 1948( +3.1％) 6563 > みらいワークス 5930( +8.8％) 2305 > スタジオアリス 1803( +4.2％) 3784 > ヴィンクス 1373( +5.0％) 8101 > ＧＳＩクレオス 1926( +4.6％) 4992 > 北興化学工業 814( +2.6％) 6658 > シライ電子工業 327(+32.4％) 3604 > 川本産業 1289( +0.9％) 4298 > プロトコーポレーション 1375( +6.0％) 6125 > 岡本工作機械製作所 2609( +4.4％) 6033 > エクストリーム 1559( +2.2％) 6380 > オリエンタルチエン工業 690(+16.9％) 7162 > アストマックス 222( +4.7％) 7461 > キムラ 534( +4.5％) 3420 > ケー・エフ・シー 2440( +3.2％) 8886 > ウッドフレンズ 2321( +3.8％)以上、28銘柄●株価が－３σを下回った銘柄（市場人気順） ★株価の下げ足が速過ぎ、買い戻しが入りやすい銘柄銘柄名 株価 前日比 (比率) 8016 > オンワード 230( -2.1％) 3996 > サインポスト 1190(-10.3％) 4558 > 中京医薬品 376( -1.6％) 7494 > コナカ 269( -1.8％) 5697 > サンユウ 327( -3.3％)以上、5銘柄提供：株式分析ソフト『 ストックボード 』から転載。『 ストックボード 』では、リアルタイムでご覧いただけます。,スタジオアリス,2305
74,出来高変化率ランキング（9時台）～サインポスト、アズ企画などがランクイン 投稿日時： 2020/10/13 10:32[フィスコ] - みんなの株式 - みんなの株式,https://minkabu.jp/news/2783140,※出来高変化率ランキングでは、直近5日平均の出来高と配信当日の出来高を比較することで、物色の傾向など市場参加者の関心を知ることができます。■出来高変化率上位 [10月13日 9:47 現在]（直近5日平均出来高比較）銘柄コード 銘柄名 出来高 5日平均出来高 出来高変化率 株価変化率 <3490> * アズ企画 37600 6600 469.7% -7.77% <1547> * 上場米国 137740 35240 290.86% 1% <2667> * イメージワン 354300 94760 273.89% 6.17% <7520> * エコス 131300 47880 174.23% 7.56% <1475> * iSTOPIX 92521 34241.4 170.2% 0.12% <3671> * ソフトマックス 1236600 499160 147.74% 14.82% <2305> * スタジオアリス 68900 30980 122.4% 4.1% <3996> * サインポスト 102100 51900 96.72% -9.65% <2178> * トライステージ 395900 202900 95.12% -9.36% <1419> * タマホーム 408400 220500 85.22% -4.55% <3690> * ロックオン 151600 82080 84.7% 8.47% <8008> * 4℃HD 101200 54900 84.34% 4.09% <3940> * ノムラシステム 435500 249400 74.62% 7.71% <7746> * 岡本硝子 1111500 658540 68.78% 1.37% <7725> * インターアク 287300 172740 66.32% -2.33% <3542> * VEGA 601700 385400 56.12% -12.24% <2521> * 上場米HE 745250 485514 53.5% 0.98% <2791> * 大黒天 69000 45460 51.78% -4.26% <4298> * プロトコーポ 55500 36880 50.49% 5.63% <3923> * ラクス 1129200 754600 49.64% 6.78% <4772> * ストリームM 310700 217320 42.97% 5.3% <8005> * スクロール 905200 638320 41.81% 5.75% <1591> * J日経400 10253 7343 39.63% 0.13% <6579> * ログリー 384200 275860 39.27% -2.76% <4784> * GMO-AP 547000 416680 31.28% -4.41% <3857> * ラック 159500 121840 30.91% 2.28% <5463> * 丸一管 602500 477080 26.29% -1.23% <4429> * リックソフト 17900 14420 24.13% 2.77% <3784> * ヴィンクス 65500 54560 20.05% 3.59% <4381> * ビープラッツ 48500 41500 16.87% 6.92%（*）はランキングに新規で入ってきた銘柄20日移動平均売買代金が5000万円以下のものは除外 ＜ST＞,スタジオアリス,2305
75,＜10月21日の十字足示現銘柄（売りシグナル）＞ 投稿日時： 2020/10/22 07:33[みんなの株式] - みんなの株式 - みんなの株式,https://minkabu.jp/news/2790193,＜10月21日の十字足示現銘柄（売りシグナル）＞(銘柄コード) 銘柄 市場 [ 終値 | 前日比 | 割安/割高 ] (1418) インタライフ 東証JASDAQ（スタンダード） [ 302.0 | +1.34% | 割高 ] (2060) フィード・ワン 東証１部 [ 919.0 | +0.88% | 割安 ] (2127) 日本Ｍ＆Ａセンター 東証１部 [ 6560.0 | +0.00% | 割高 ] (2305) スタジオアリス 東証１部 [ 1951.0 | +0.00% | 割安 ] (3660) アイスタイル 東証１部 [ 444.0 | +1.37% | 割高 ] (3964) オークネット 東証１部 [ 1513.0 | +0.00% | 割高 ] (5212) 不二硝子 東証JASDAQ（スタンダード） [ 1315.0 | +29.56% | 割高 ] (9441) ベルパーク 東証JASDAQ（スタンダード） [ 6030.0 | -0.66% | 割高 ] (9767) 日建工学 東証２部 [ 1540.0 | -0.65% | 割高 ]解説：「十字足」とは、寄り引け同事線。始値と終値が同一値であった銘柄を言います。「気迷い線」とも呼ばれ、変化シグナルで、安値圏での示現は買いシグナル、逆に高値圏で示現は売りシグナルとされています。出所：MINKABU PRESS,スタジオアリス,2305
76,東京都の「次世代ウェルネスソリューションの構築事業（事業化促進プロジェクト）」にharmo事業が採択 - 高知新聞,https://www.kochinews.co.jp/article/405935/,東京都の「次世代ウェルネスソリューションの構築事業（事業化促進プロジェクト）」にharmo事業が採択,シミックホールディングス,2309
77,第二回「Sansan Innovation Award 2020」受賞企業・団体を発表 - 時事通信,https://www.jiji.com/jc/article?k=000000100.000049627&g=prt,第二回「Sansan Innovation Award 2020」受賞企業・団体を発表［Sansan株式会社］Sansanを活用し、デジタル変革を起こしたユーザーを選出Sansan株式会社は、同社の法人向けクラウド名刺管理サービス「Sansan」を活用し、自社のビジネスや働き方に変化・イノベーションを起こしたユーザーを発表する、第二回「Sansan Innovation Award 2020」の受賞企業・団体を決定しました。■「Sansan Innovation Award」についてSansan Innovation Awardは、ユーザー同士の経験・ノウハウの共有を活性化させ、デジタル変革をさらに加速させることを目的としたアワードです。Sansanを活用している企業や団体、個人であれば誰でも応募することができ、独自性、成果・効果、社会性・影響力、活用方法の再現性、Sansan Innovation Communityへの貢献度をはじめとする基準に基づいて、総合的に選考されます。第二回目となる今回も、数十社以上のSansanユーザー企業・団体からエントリーをいただきました。Sansan Innovation Award事務局で厳正なる審査を行い、受賞企業・団体を「Sansan Innovator」「Sansan DIGITALIST Innovator」「Sansan NPO Innovator」として選出しました。■第二回「Sansan Innovation Award 2020」受賞企業【Sansan Innovator】・大谷塗料株式会社企業代表：総務課長 可部匡彦様授賞理由：大谷塗料株式会社は、木部用を中心とした塗料の開発、製造、販売を行う1936年創業の専門メーカーです。社員が個人で管理していた名刺情報をデータベース化し、事業の持続的成長を実現するためにSansanを導入。人脈という情報資産を蓄積する必要性を、全社の共通課題として経営層から現場まで繰り返し伝えることで、Sansanの運用の定着に成功されました。「名刺情報は企業の資産として活用できる」という意識の変化を起こし、老舗企業の経営革新を後押しすることにつなげた点を評価しました。・シミックホールディングス株式会社企業代表：コーポレートビジネスデベロップメント部 担当部長 成田周平様授賞理由：シミックホールディングス株式会社は、日本におけるCRO（医薬品開発支援）のパイオニアとして、医薬品の研究開発から製造、販売まで、グループ一体となり事業を展開されています。同社は、グループ2４社の持つ顧客情報を統合し、キーアカウントマネジメントを強化するプロジェクト推進のためSansanを導入。Sansanの名刺情報を基にした正確なデータベースの構築に着手した結果、グループ企業間での情報共有のスピードが向上し、営業活動の効率化やパフォーマンスの最大化が実現しました。グループを挙げてSansan導入1年未満という短期間で、顧客とのつながり強化に向けた取り組みを強力に推進された点を評価しました。特別賞【Sansan DIGITALIST Innovator】Sansanと各種外部システムやツールの連携により、顧客情報の活用を促進し、デジタルトランスフォーメーション（DX）を加速させたユーザーを選出しています。ディップ株式会社企業代表：dip Robotics 室長 亀田重幸様授賞理由：ディップ株式会社は、社内業務の自動化を推進する組織「dip Robotics」が旗振り役になりSansanを導入、自社独自の営業活動を効率化するCRMアプリ「レコリン」と連携されています。Sansanで名寄せされた名刺情報を「レコリン」のデータの核として蓄積させたことによりデータの精度向上を実現。また、「使われなければ意味がない」と、営業現場の課題解決を実現することにこだわりつづけ、営業DX基盤を構築されました。Sansanとのデータ連携により、営業現場に根付いたDXを加速させた点を評価し、「Sansan DIGITALIST Innovator」として選出しました。【Sansan NPO Innovator】NPO法人のユーザーの中から、Sansanを活用して変化や成果を生み出した団体を選出しています。特定非営利活動法人日本ブラインドサッカー協会協会代表：理事長 塩嶋史郎様授賞理由：特定非営利活動法人日本ブラインドサッカー協会は、「ブラインドサッカーを通じて視覚障がい者と健常者が当たり前に混ざり合う社会を実現すること」をビジョンに掲げ、ブラインドサッカーの普及や認知度向上のための取り組みを実施されています。2010年にSansanを導入し、属人化していた人脈の共有と営業活動の見える化することによって、業務フローの再構築と生産性向上を実現されました。障がい者スポーツへの関心の高まりを背景に、障がい者スポーツのセクター、営利企業や行政といった外部団体を、協会内の人脈を活用することで積極的に巻き込み、認知度向上施策において多くの成果を残された点を評価しました。※受賞発表は五十音順です。※受賞企業・協会代表者の役職は、2020年10月28日時点のものです。詳細は後日、Sansanを利用するユーザー限定のオンラインコミュニティー「Sansan User Forum」で報告します。https://sansancomm.force.com/community/s/trialまた、「Sansan Innovation Award 2021」の開催も決定しました。詳細は以下をご参照下さい。https://sia.sansan.com今後もSansanは、「出会いからイノベーションを生み出す」という当社のミッション実現へ向けて、進化を続けてまいります。（以上）■Sansanについて名刺管理から、働き方を変える「Sansan」Sansanは、法人向けクラウド名刺管理サービスです。名刺をスキャナーやスマートフォンアプリで読み取るだけで、独自のオペレーションシステムによって名刺情報を正確にデータ化します。高度なAI技術により、企業内の人脈を管理・共有することが可能になるほか、社内の連携を促進する機能や顧客データを統合・リッチ化する機能を備え、ビジネスのはじまりを後押しする「ビジネスプラットフォーム」です。■Sansan株式会社 会社概要「出会いからイノベーションを生み出す」をミッションとして掲げ、法人向けクラウド名刺管理サービス「Sansan」および個人向け名刺アプリ「Eight」を開発・提供しています。名刺管理を起点としたビジネスプラットフォームとして活用できるサービスを国内外で提供しています。設立：2007年6月11日URL： https://jp.corp-sansan.com所在地：150-0001 東京都渋谷区神宮前5-52-2 青山オーバルビル13F資本金：62億36百万円（2020年5月31日時点）事業内容：クラウド名刺管理サービスの企画・開発・販売法人向け「Sansan」 https://jp.sansan.com 個人向け「Eight」 https://8card.net企業プレスリリース詳細へ （2020/10/28-20:46）,シミックホールディングス,2309
78,★本日の【サプライズ決算】続報 (11月06日) - 会社四季報オンライン,https://shikiho.jp/news/6/202011061202011061058,None,シミックホールディングス,2309
79,シミックホールディングス＜2309＞、CRO業務の中国子会社「希米科（蘇州）医薬科技」の全持ち分を合弁相手に譲渡 - M&A Online,https://maonline.jp/news/20200514f,None,シミックホールディングス,2309
80,コロナ治療薬｢アビガン」で株価上昇のシミックってどんな会社？ - M&A Online,https://maonline.jp/articles/whats_cmic200424,None,シミックホールディングス,2309
81,2020年「初出し」でもうかる「凄い株主優待」銘柄の全実名 - livedoor,https://news.livedoor.com/article/detail/19069594/,日本株市場の「勝ち組」「負け組」が鮮明に…！こんにちは。優待好きの主婦、まる子です。2020年も残り2カ月余り。今年はいろいろな事があり過ぎて、あっという間だったような、時が止まってしまったような。日経平均も年明け順調にスタートしたものの、2月くらいからきな臭くなり、3月の大暴落。その後株価は徐々に戻り、夏過ぎには「何事も無かったか」の様な穏やかな状態となりました。ただ、銘柄を個別で見ていくと、コロナショック後の株価の戻りは、業種、業態によってかなり異なり、V字以上の回復を見せたものから、そのままズルズルと低位をさまよい、浮上のきっかけが見出せないものまで、株価の「勝ち組」「負け組」の選別が激しかったと思います。株式市場の「格差」が広がっている photo/gettyimages優待銘柄も外食やレジャー関連などコロナ禍で直接影響を受けた業種が多く、「この先優待はどうなっちゃうの…？」と思われた方も多いと思います。有効期限のある優待は期限延長されたものも多くあり、優待を使ってでも店舗に来てほしい、賑わいを取り戻したいと願っている企業の切なる願いを感じました。一方で、財務基盤を強固にする必要が急務であるなかにあって、株主優待も見直し対象の一つとなった企業もいくつかありました。人気の優待だったトラスコ中山やはせがわの廃止、すかいらーくの改悪など「まさか」と思った銘柄もありました。クオカードの「新規優待」オススメ銘柄しかし、こんな中でも株主優待を新設した企業もあります。この厳しい環境の中で優待を新設したのだから、ちょっとやそっとではやめないと思いますし、投資する側からするとその意気込みはありがたいものです。今回はそんな2020年9月までに株主優待を新設した銘柄の中から、選りすぐりのものをご紹介です。今年の1月から9月までに優待を新設した会社はおよそ30社。誰もが知っている、消費者にとって身近な会社というより、BtoBの会社や、株主数が少なくて株の流動性を高めたいなど「まずは会社を知ってほしい」という目的の会社が多いように感じました。優待の種類で言うと、圧倒的にクオカードが多く約10社。誰にでも喜ばれるうえ、株主総会後の書類と同封できるため送料もかからないと導入へのハードルは低いことが背景にあるのでしょう。拡大画像表示そんなクオカード新規優待の中でも、菱電商事（8084）、ODKソリューションズ（3839）、ソーシャルワイヤー（3929）、GSIクレオス（8101）などは配当も出していますし、財務面から見ても安定していると思います。優待権利がかなり先な企業もあるので、気に入ったら監視銘柄として、株価が下がったら買ってみるのもおすすめです。個人的にはソーシャルワイヤーが気になっています。優待利回りが「5％」を超えている…！一方でクオカードだけではなく、モノでいただけるのは、シミックホールディングス（2309）のお米やお茶や、ウエスコホールディングス（6091）の四国水族館（香川県宇多津町）。水族館の入場券が大人2200円なので、いまの株価で考えると優待利回りが5％を超えています。地元の方はレジャー銘柄として保有していても良いですね。拡大画像表示自腹を切ることになりますが、ファンなら嬉しいのが自社サイトの割引券でしょう。今回はヘルメットのSHOEI（7839）が優待を新設。ノベルティグッズなどは特別な気分を味わえる株主の特権かもしれません。せっかく新設するのだから会社独自の、ちょっと面白い株主優待もあります。アクサスホールディングス（3536）はグループオリジナルのウイスキー。1000株で1年以上の継続保有が必要ですが、どんなウイスキーが届くのかお楽しみ。お酒好きな方には優待でウイスキーが飲めるのは、魅力的な銘柄かもしれません。ウイスキー、靴から、仮想通貨まで…！ユーザベース（3966）の優待は自社が行っているサービス。News Picksを3カ月無料購読かQuartz Japan の年割プラン（10000 円）を1年間50％割引で使えるクーポンコード。どちらも投資に有益な情報源ですので、優待で情報を武装し、次の投資に役立てるのも面白いかと思います。拡大画像表示他には女性に嬉しいダブルエー（7683）の靴1足無料や、CAICA（2315）の仮想通貨など、自社の商品やサービスを知ってもらう、使ってもらうために優待を新設した会社も多かったです。このような自社サービスはPR的な要素もあるので、優待廃止のリスクは少ないと見ています。コロナ禍でもこの様に優待を新設した企業があり、まだまだ優待人気は続くのではと心強く思います。この先この優待が続くのかは分かりませんが、あえてこの時に新設した企業を応援する意味でも、投資対象候補としてみてはいかがでしょうか。,シミックホールディングス,2309
82,harmo × ポケットファーマシー 電子お薬手帳事業で協業を開始 - PR TIMES,https://prtimes.jp/main/html/rd/p/000000004.000051375.html,None,シミックホールディングス,2309
83,シミックバイオ株式会社の営業開始に関するお知らせ - 高知新聞,https://www.kochinews.co.jp/sp/article/383807/,2020年7月22日シミックホールディングス株式会社シミックホールディングス株式会社（本社：東京都港区、代表取締役CEO 中村 和男）は、バイオ医薬品原薬の製造技術開発および製造受託を行う１００％子会社、シミックバイオ株式会社（以下、シミックバイオ）を設立し、2020年７月より営業開始したことをお知らせします。シミックバイオは静岡事業所に、動物細胞用のGMP1)に対応したシングルユース設備を保有し、2020年10月より本格稼働する予定です。近年、バイオ医薬品関連市場は拡大を続け、製薬会社以外の異業種からの参入も進んでおります。各社とも開発化合物を早期に見極めるため、POC2)取得までのスピードを重視しており、同時に多品種少量生産のニーズが高まってきております。このような状況から、すべての開発品目を自社で製造することが難しくなり、アウトソーシングを活用するケースが増えています。シミックホールディングスでは、2014年4月から2019年9月までの期間、シミックJSRバイオロジックス株式会社を通して、国立研究開発法人科学技術振興機構の産学共同実用化開発事業(NexTEP) に参画し（課題名：多重特異性抗体の設計、製造技術）、二重特異性抗体の製造プロセス研究を中心にバイオテクノロジー応用医薬品の製造および品質管理の分野において研究を行ってきました。その経験を活かし、この度、シミックバイオを設立し、バイオ原薬CDMO3)事業を開始いたします。シミックバイオでは、製薬企業にて豊富な経験を有する要員を有し、国内でのGMP原薬製造拠点を強みに、バイオ医薬品の開発スピードの加速化を支援いたします。シミックグループは、シミックバイオと、グループ各社事業（シミックCMO株式会社：バイオ製剤処方開発及び製造、シミックファーマサイエンス株式会社：バイオ原薬、製剤分析）との連携を図ることにより、バイオ医薬品の原薬製造から製品化、そして品質管理の分野（CMC4)）まで顧客ニーズに応じたワンストップサービスを提供してまいります。【シミックバイオ株式会社の概要】（1） 商 号 シミックバイオ株式会社（CMIC Bio Co. Ltd.）（2） 本 店 所 在 地 東京都港区芝浦1-1-1（3） 事業所 静岡県島田市金谷東一丁目588番地（シミックCMO株式会社 静岡事業所内）（4） 代 表 者 代表取締役社長 小作 寛（5） 事 業 内 容 ・抗体医薬品原薬の製造受託・バイオ医薬品研究開発に関する支援業務・バイオ医薬品製造に関する材料、資材開発支援業務・バイオ医薬品研究開発に関するコンサルティング業務（6） 資 本 金 300百万円（7） 設 立 年 月 日 2020 年5月1日（8） 従業員数 11名【用語】1) GMP：医薬品の製造管理および品質管理の基準（Good Manufacturing Practice）2) POC：開発化合物の安全性および有効性がヒトで確認されること（Proof of Concept）3) CDMO：研究開発および製造受託会社（Contract Development and Manufacturing Organization）4) CMC：化合物の化学、製造および品質管理（Chemistry Manufacturing and Control）■シミックグループについてシミック（CMIC）は、1992年に日本で初めてCRO（医薬品開発支援）事業を開始し、今では開発から製造、営業・マーケティングまでの医薬品に関する総合的な支援業務を提供しています。現在、シミックグループは、日本で最大級のCROであると同時に、医薬品開発、SMO（治験施設支援）、臨床からGMPに準拠した医薬品製造、薬事コンサルティング、そして営業およびマーケティングソリューション等における包括的なサービスを提供しています。また、製薬・バイオテクノロジー・医療機器の企業の日本市場参入や、アジアでの臨床試験実施、米国と日本における医薬品開発および製造のサポートなども積極的に行っております。シミックグループは、世界中に7000人を超える従業員と25支社・関連会社を擁しています。詳しくはウェブサイトをご覧ください。 https://www.cmicgroup.com 【証券コード】：2309【業種】：医療サービス【ＵＲＬ】：https://kyodonewsprwire.jp/release/202007222315,シミックホールディングス,2309
84,シミックホールディングス、慶應義塾大学とWellbeing（ウェルビーイング：健康・幸福度）向上および働き方改革推進に関する共同研究契約締結 - PR TIMES,https://prtimes.jp/main/html/rd/p/000000001.000051375.html,None,シミックホールディングス,2309
85,シミックホールディングス（2309）、株主優待を新設して、配当＋優待利回り4.95％に！ 100株以上の保有で、自社工場がある地域の特産品(3000円相当)を贈呈 - ダイヤモンド・オンライン,https://kabunushiyutai.diamond.jp/articles/-/230428,【2020年11月1日時点】【証券会社おすすめ比較】手数料、取引ツールetc.で総合比較！ おすすめネット証券はココだ！株式売買手数料 （税抜） 投資信託 外国株1約定ごと 1日定額10万円 20万円 50万円 50万円0円（1日定額） 0円（1日定額） 0円（1日定額） 0円 /日 1257本 ―【松井証券のおすすめポイント】1日定額制プランしかないが、最大のメリットは、なんといっても 1日の約定金額の合計が50万円以下であれば売買手数料が無料 という点。資金が少なく、複数の銘柄に分散投資する初心者の個人投資家にはおすすめだ。さらに、2016年度 JCSI(日本版顧客満足度指数)調査で、証券業種の第1位を獲得！ その使い勝手は、チャート形状で銘柄を検索できる「チャートフォリオ」を愛用している株主優待名人・ 桐谷さんも「初心者に特におすすめ」と太鼓判を押す 。また、デイトレード限定で手数料が無料になる「一日信用取引」、手数料が激安になる「一日先物取引」など、 専業デイトレーダーにとって利便性の高いサービスも充実 している。※ 株式売買手数料に1約定ごとのプランがないので、1日定額制プランを掲載。0円（1日定額） 0円（1日定額） 0円（1日定額） 0円 /日 2654本 ○米国、中国、韓国、ロシア、アセアン【SBI証券のおすすめポイント】ネット証券最大手。2020年10月から 売買手数料を引き下げ 、1日定額制コースだと現物・制度信用・一般信用取引がそれぞれ1日100万円まで、合計で 1日最大300万円まで売買手数料が0円 と非常に低コスト。投資信託の数が業界トップクラスなうえ100円以上1円単位で買えるので、投資初心者でも気軽に始められる。さらに、 IPOの取扱い数は、大手証券会社を抜いてトップ。PTS取引 （私設取引システム）も利用可能で、一般的な取引所より有利な価格で株取引できる場合もある。海外株式は、米国、中国、ロシアのほか、アセアン株式も取り扱うなど、とにかく 商品の種類が豊富 だ。 米国株が、2019年7月の値下げにより売買手数料が最低0米ドルから取引可能になったのも魅力。 低コストで幅広い金融商品に投資したい人 には、必須の証券会社と言えるだろう。「2020年 オリコン顧客満足度ランキング ネット証券 」では、5年連続13度目の 1位を獲得 。0円（1日定額） 0円（1日定額） 0円（1日定額） 0円 /日 2688本 ○米国、中国、アセアン【楽天証券のおすすめポイント】1約定ごとプランの「超割コース」は、 手数料が低水準のうえ、手数料の1〜3％をポイント還元！ また、2020年12月から1日定額コースの料金が引き下げられ、 1日100万円以下なら手数料が無料 に！ さらに、 楽天カードで投信積立を行うと1％分のポイントが付与されるうえ、投資信託を持っているだけでポイントが貯まる ので、長期的に積立投資を考えている人にはおすすめだろう。貯まったポイントは、楽天スーパーポイントやJALマイルに交換可能。楽天スーパーポイントは、国内現物株式や投資信託の購入にも利用できる。また、取引から情報収集、入出金までできる トレードツールの元祖「マーケットスピード」 が有名で、数多くのデイトレーダーも利用。ツール内では 日経新聞の記事も無料で読むことができる 。さらに、投資信託数が2000本以上と多く、米国や中国、アセアンなどの海外株式、海外ETF、金の積立投資もできるので、 長期的な分散投資がしやすい のも便利だ。1約定ごと （税抜） 1日定額 （税抜） 投資信託※1 外国株10万円 20万円 50万円 50万円100円 180円 450円 2500円 /日 1165本 ○米国、中国【マネックス証券のおすすめポイント】1注文30万円までなら手数料の安さはトップクラス。 小型株中心に売買する人には、魅力的な値段設定 と言える。米国株も最低手数料5ドル（税抜）から買えるので、非常にお手軽だ。多彩な注文方法や 板発注が可能な高機能無料ツール「マネックストレーダー」 など、トレードに役立つツールもそろっている。中でも、日本株、米国株、先物取引について ロボットの投資判断を日々配信する「マネックスシグナル」 は、スイングトレードのときに参考にしたい。80円※ 90円※ 220円※ — 28本 —【LINE証券のおすすめポイント】サービス開始時は単元未満株と投資信託のみだったが、2020年5月から、1単元単位で売買する通常の現物株取引もスタート。 買付時の売買手数料が無料 というユニークな料金プランで、買付＋売却のトータルで比較すると 業界最低水準の売買手数料 となっている。 スマホに特化した証券会社 でパソコンから取引には対応していない、その分、アプリの取引画面はシンプルで初心者でも直感的にわかりやすいデザインになっている。また、300銘柄に限って1株単位での売買が可能で、その売買手数料が日中なら約定金額の0.05％と 単元未満株取引の売買手数料としては格安 なのも大きなメリット。※ 売買手数料は買付時が無料で売却時のみ発生するので、他社と比較しやすいように売却時の売買手数料を1/2にしたものを掲載。80円 97円 180円 400円 / 日 2本 ―【ライブスター証券証券のおすすめポイント】取引手数料は、現物株、信用取引ともに ネット証券最安レベル 。現物株は、1約定ごとの「一律（つどつど）プラン」でなら、約定代金5万円以下なら売買手数料が50円。さらに、 信用取引の売買手数料はなんと0円で、 その手数料の安さは株主優待名人・桐谷さんのお墨付き 。口座開設から40営業日（約2カ月）までは、現物株、先物・オプションの取引手数料が無料になるキャンペーンも長年にわたって実施中。無料の取引ツール「livestarR2」は高機能化が進んおり、特殊注文機能も完備。 低コストで株や先物取引をアクティブにトレードしたい人にはもちろん、売買頻度の少ない初心者や中長期の投資家にもおすすめの証券会社と言えるだろう 。1約定ごと （税抜） 1日定額 （税抜） 投資信託※1 外国株10万円 20万円 50万円 50万円88円 98円 241円 399円 /日 115本 ―【GMOクリック証券のおすすめポイント】売買手数料は、 1約定ごと、1日定額制ともに最安レベル で、コストにうるさい 株主優待名人・桐谷広人さんも利用 しているとか。 信用取引の売買手数料と買方金利・貸株料も最安値レベル で、 一般信用売りも可能だ！ 近年は、各種ツールや投資情報の充実度もアップしており、売買代金では5大ネット証券に食い込むほど急成長している。商品の品揃えは、株式、先物・オプション、FXのほか、CFDまである充実ぶり。CFDでは、各国の株価指数のほか、原油や金などの商品、外国株など多彩な取引が可能。 この1社でほぼすべての投資対象をカバーできる と言っても過言ではないだろう。頻繁に売買しない 初心者やサラリーマン投資家 はもちろん、信用取引やCFDなどのレバレッジ取引も活用する 専業デイトレーダーまで、幅広い投資家におすすめ！80円 97円 180円 ― ― ○米国【DMM.com証券のおすすめポイント】国内株式と外国株のトレードに特化したネット証券で、 最大のメリットは売買手数料の安さ 。1約定5万円までなら50円（税抜）で売買可能！ 大手ネット証券と比較すると、 約定金額が大きいほど割安度が高い 。また、 売買手数料の1％分のポイントが貯まる のもメリットだ。取引ツールは、シンプル機能の「DMM株 STANDARD」と高機能な「DMM株 PRO」の2種類。スマホ用アプリも「かんたんモード」と「ノーマルモード」を使い分ける形になっており、 初級者から中上級者まで、あらゆる個人投資家にとってトレードしやすい環境が整っている 。2019年2月からIPOの取り扱いもスタート。委託販売のみなので割当数は少なめだが、 口座に資金がなくてもIPOの抽選に申し込めるのは大きなメリット だ。新規口座開設で1カ月間手数料無料。また、口座開設完了者の中から抽選で毎月10名に2000円がキャッシュバックされる。口座開設手続きが期間に迅速で、 最短で申し込んだ当日に取引が可能になる点も便利 。139円 300円 477円 ― 1140本 ○米国、中国、欧州、アセアン【野村證券のおすすめポイント】国内最大手の証券会社 なので、安心感は抜群！ 最近ではインターネットにも力を入れており、ネット取引専用口座「野村ネット＆コール」は、 店頭での窓口取引にくらべて売買手数料が大幅にお得 になっている。また、大手証券会社だけあって、 投資情報や銘柄分析レポートが充実 しており、専門家による数多くの調査レポート動画も視聴可能。さらに、 IPO取り扱い数がトップクラス なのも大きなメリット。 特に主幹事数が多い ので、本気でIPO投資をするならぜひ口座を持っておきたい証券会社だ。会社やレジャーなどの外出先でも株価のチェックや取引をしたい人には、 スマホ用株アプリ「野村株アプリ」 が便利。,シミックホールディングス,2309
86,シミックＨＤがカイ気配、アビガン治験でモニタリング業務提供と製造支援を発表 - 株探ニュース,https://kabutan.jp/news/marketnews/?b=n202004240162,お気に入りを追加しました。 x お気に入りを追加しました。お気に入りを削除しました。 x お気に入りを削除しました。x お気に入りがいっぱいです！もっと追加するには、株探プレミアム（月額1980円／税別）の登録が必要です。初めてご登録の方には「30日間の無料体験」キャンペーン実施中！※過去に「30日間の無料体験」をご利用になった方にはキャンペーンは適用されません。※無料体験終了後は株探プレミアムへ自動移行されます。株探プレミアムに登録する株探プレミアムのご紹介 お気に入りがいっぱいです！もっと追加するには、株探プレミアム（月額1980円／税別）の登録が必要です。初めてご登録の方には「30日間の無料体験」キャンペーン実施中！※過去に「30日間の無料体験」をご利用になった方にはキャンペーンは適用されません。※無料体験終了後は株探プレミアムへ自動移行されます。,シミックホールディングス,2309
87,山梨県とシミックホールディングス 感染症の検査体制強化へ 協定締結 - UTYテレビ山梨,http://www.uty.co.jp/news/20200612/7532/,山梨県とシミックホールディングス 感染症の検査体制強化へ 協定締結新型コロナウイルスの感染拡大に備え山梨県は検査体制を強化するため東京都に本社がある医薬品会社と協定を結びました。感染症の検査体制の拡充に向け県と協定を結んだのは東京都の医薬品会社シミックホールディングスです。６月１２日、中村和男代表取締役ＣＥＯと長崎知事が協定締結を発表しました。今回の協定でシミックと県それに山梨大学がそれぞれ協定を結んだことになり産学官が連携して感染症対策に取り組む仕組みができたことになります。今後、県が協力して北杜市にあるシミックの研究施設に新たなＰＣＲ検査機器を導入します。機器は普段、シミックが新薬の研究などに活用し感染症が拡大した場合には、感染者らの検査に優先的に使います。またシミックがＰＣＲ検査機器を操作できる人材を育成し感染拡大に対応できる態勢を常に整えておくということです。また長崎知事は「感染症対策の司令塔となる組織、山梨版ＣＤＣの設立に向け三者でさらに連携を深めていきたい」としました。,シミックホールディングス,2309
88,harmo × PHARUMO 電子お薬手帳事業で協業を開始 - PR TIMES,https://prtimes.jp/main/html/rd/p/000000003.000051375.html,None,シミックホールディングス,2309
89,代表取締役にミゲル氏 シミックアッシュフィールド｜薬事日報ウェブサイト - 薬事日報,https://www.yakuji.co.jp/entry82093.html,None,シミックホールディングス,2309
90,アビガン増産、オールジャパンで シミックＨＤなどが製造支援 - SankeiBiz,https://www.sankeibiz.jp/business/news/200424/bsc2004241910006-n1.htm,新型コロナウイルスへの治療効果が期待されている抗インフルエンザ薬「アビガン」の増産を支援する動きが国内で広がっている。医薬品の開発支援などを手掛けるシミックホールディングス（ＨＤ）が製造を受託するほか、宇部興産は主要な成分の一つである中間体の生産に乗り出す。アビガンを開発した富士フイルムホールディングス傘下の富士フイルム富山化学は、外部との積極連携でオールジャパン体制を構築し、早期に生産規模を拡大したい考えだ。（井田通人）シミックＨＤは、傘下のシミックＣＭＯが運営する静岡工場（静岡県島田市）でアビガンを生産。別の子会社では臨床試験の一部を代行し、治験が適正に実施されていることを保証する業務を受託した。PR宇部興産は、宇部ケミカル工場（山口県宇部市）で７月から中間体を生産。同社は平成２１年まで中間体を生産した実績があり、富士フイルム富山化学からの要請で生産再開を決めた。アビガンをめぐっては、ほかにもデンカが新潟県にある休止中の工場設備を活用し、２９年に停止した原料「マロン酸ジエチル」の生産を５月から再開。カネカも、７月に国内工場で薬の一つ手前の原薬生産を始める計画だ。アビガンはウイルスが体内で増殖するのを防ぐ仕組みで、政府は２００万人分の備蓄を決定。富士フイルム富山化学では、３月上旬時点で月４万人分強だった生産量を、９月に約３０万人分まで増やす計画だが、一方で原料や生産能力の確保が課題となっている。,シミックホールディングス,2309
